Extension ID,Extension Name,Publisher,Reference
aadmpgppfacognoeobmheghfiibdplcf,Kawaii Wallpaper HD Custom New Tab,,hxxps://adguard[.]com/en/blog/fake-ad-blockers-part-3[.]html
aaeohfpkhojgdhocdfpkdaffbehjbmmd,,,hxxps://github[.]com/mallorybowes/chrome-mal-ids/blob/master/current-list[.]csv
abbngaojehjekanfdipifimgmppiojpl,Clothing Brand Name Generator,hxxps://clothingbrandnamegenerator[.]app,hxxps://layerxsecurity[.]com/blog/layerx-reveals-40malicious-browser-extensions/
abgfholnofpihncfdmombecmohpkojdb, Shadow Of The Tomb Raider Wallpaper New Tab,,hxxps://adguard[.]com/en/blog/fake-ad-blockers-part-3[.]html
abghmipjfclfpgmmelbgolfgmhnigbma,,,hxxps://duo[.]com/labs/research/crxcavator-malvertising-2020
abjbfhcehjndcpbiiagdnlfolkbfblpb,,,hxxps://duo[.]com/labs/research/crxcavator-malvertising-2020
acchdggcflgidjdcnhnnkfengdcmldae,CMS Checker,hxxps://cmschecker[.]app,hxxps://layerxsecurity[.]com/blog/layerx-reveals-40malicious-browser-extensions/
acdfdofofabmipgcolilkfhnpoclgpdd,VDP:  Best Video Downloader,,hxxps://habr[.]com/en/company/yandex/blog/534586/
aciipkgmbljbcokcnhjbjdhilpngemnj,,,hxxps://palant[.]info/2023/06/14/why-browser-extension-games-need-access-to-all-websites/
aciloeifdphkogbpagikkpiecbjkmedn, Kpop SHINee Wallpapers HD New Tab,,hxxps://adguard[.]com/en/blog/fake-ad-blockers-part-3[.]html
acmgemnaochmalgkipbamjddcplkdmjm, Tokyo Ghoul Wallpaper HD Custom New Tab,,hxxps://adguard[.]com/en/blog/fake-ad-blockers-part-3[.]html
acmiibcdcmaghndcahglamnhnlmcmlng,AML Sector | Free Crypto AML Checker,hxxps://amlsector[.]com,hxxps://layerxsecurity[.]com/blog/layerx-reveals-40malicious-browser-extensions/
acmnokigkgihogfbeooklgemindnbine,,,hxxps://awakesecurity[.]com/wp-content/uploads/2020/06/GalComm-Malicious-Chrome-Extensions-Appendix-B[.]txt
addpbbembilhmnkjpenjgcgmihlcofja, Mega Man Wallpaper HD Custom New Tab,,hxxps://adguard[.]com/en/blog/fake-ad-blockers-part-3[.]html
adfjcmhegakkhojnallobfjbhenbkopj, Weather forecast for Chrome‰ã¢,,hxxps://adguard[.]com/en/blog/fake-ad-blockers-part-3[.]html
adjpoipklnhlapjijccnemdhkcphcegd,Website Orientations,hxxps://securybrowse[.]com,hxxps://docs[.]google[.]com/spreadsheets/d/1LN7MQ_9W5QHIyZjjqXK7JnSiCLlcF4aBRhmZKon-p4U/edit?gid=0#gid=49
aehjmdkbfemaefoebbihbfcmhehgimcl,New Tab for Chrome ª,hxxps://blossomtab[.]com,hxxps://docs[.]google[.]com/spreadsheets/d/1LN7MQ_9W5QHIyZjjqXK7JnSiCLlcF4aBRhmZKon-p4U/edit?gid=0#gid=57
aeibljandkelbcaaemkdnbaacppjdmom,Manus AI | Free AI Assistant,hxxps://manusai[.]sbs,hxxps://layerxsecurity[.]com/blog/layerx-reveals-40malicious-browser-extensions/
aeilijiaejfdnbagnpannhdoaljpkbhe,,,hxxps://palant[.]info/2023/06/08/another-cluster-of-potentially-malicious-chrome-extensions/
aeklcpmgaadjpglhjmcidlekijpnmdhc, Kpop Blackpink Wallpaper HD Custom New Tab,,hxxps://adguard[.]com/en/blog/fake-ad-blockers-part-3[.]html
aemaecahdckfllfldhgimjhdgiaahean,Downloader for Instagram,,hxxps://decoded[.]avast[.]io/janvojtesek/backdoored-browser-extensions-hid-malicious-traffic-in-analytics-requests/
afdfpkhbdpioonfeknablodaejkklbdn,,,hxxps://palant[.]info/2023/06/08/another-cluster-of-potentially-malicious-chrome-extensions/
afefmfbcccnppcaiebpmbpmddhilkkdi,Fire Shield Chrome Safety,hxxps://fireshieldnow[.]com,hxxps://docs[.]google[.]com/spreadsheets/d/1LN7MQ_9W5QHIyZjjqXK7JnSiCLlcF4aBRhmZKon-p4U/edit?gid=0#gid=1
afephhbbcdlgdehhddfnehfndnkfbgnm,,,hxxps://medium[.]com/mycrypto/discovering-fake-browser-extensions-that-target-users-of-ledger-trezor-mew-metamask-and-more-e281a2b80ff9
afifalglopajkmdkgnphpfkmgpgdngfj, Kpop Red Velvet HD NewTab Themes,,hxxps://adguard[.]com/en/blog/fake-ad-blockers-part-3[.]html
agfjbfkpehcnceblmdahjaejpnnnkjdn,,,hxxps://medium[.]com/mycrypto/discovering-fake-browser-extensions-that-target-users-of-ledger-trezor-mew-metamask-and-more-e281a2b80ff9
agldjlpmeladgadoikdbndmeljpmnajl, Tumblr Wallpapers Wallpaper HD Custom New Tab,,hxxps://adguard[.]com/en/blog/fake-ad-blockers-part-3[.]html
ahgccenjociolkbpgbfibmfclcfnlaei,CreativeHunter Ð Free tool for Facebook,hxxps://creativehunter[.]world,hxxps://layerxsecurity[.]com/blog/layerx-reveals-40malicious-browser-extensions/
ahikdohkiedoomaklnohgdnmfcmbabcn,,,hxxps://medium[.]com/mycrypto/discovering-fake-browser-extensions-that-target-users-of-ledger-trezor-mew-metamask-and-more-e281a2b80ff9
ahlfiinafajfmciaajgophipcfholmeh,,,hxxps://medium[.]com/mycrypto/discovering-fake-browser-extensions-that-target-users-of-ledger-trezor-mew-metamask-and-more-e281a2b80ff9
ahmmgfhcokekfofjdndgmkffifklogbo, season 6 fortnite HD Wallpapers NewTab,,hxxps://adguard[.]com/en/blog/fake-ad-blockers-part-3[.]html
aiaaeimmjjeceodjpficfnjckenedbon,Secure Search for Chromeª,hxxps://securybrowse[.]com,hxxps://docs[.]google[.]com/spreadsheets/d/1LN7MQ_9W5QHIyZjjqXK7JnSiCLlcF4aBRhmZKon-p4U/edit?gid=0#gid=52
aippaajbmefpjeajhgaahmicdpgepnnm, Unicorn Wallpaper HD Custom New Tab,,hxxps://adguard[.]com/en/blog/fake-ad-blockers-part-3[.]html
ajefbooiifdkmgkpjkanmgbjbndfbfhg,,,hxxps://palant[.]info/2023/06/14/why-browser-extension-games-need-access-to-all-websites/
ajmchakbijebimbgcohecngliijaddin,Divinity 2 Original Sin:  Wiki Skill Popup,,hxxps://blog[.]radware[.]com/security/2018/05/nigelthorn-malware-abuses-chrome-extensions/
ajneghihjbebmnljfhlpdmjjpifeaokc,,,hxxps://palant[.]info/2023/05/31/more-malicious-extensions-in-chrome-web-store/
akdbogfpgohikflhccclloneidjkogog,Instagram,,hxxps://decoded[.]avast[.]io/janvojtesek/backdoored-browser-extensions-hid-malicious-traffic-in-analytics-requests/
akdpobnbjepjbnjklkkbdafemhnbfldj, My Hero Academia Wallpaper HD Custom New Tab,,hxxps://adguard[.]com/en/blog/fake-ad-blockers-part-3[.]html
akglkgdiggmkilkhejagginkngocbpbj,,,hxxps://medium[.]com/mycrypto/discovering-fake-browser-extensions-that-target-users-of-ledger-trezor-mew-metamask-and-more-e281a2b80ff9
akhiflcfcbnheaofcaflofbmnkmjlnno, Cs Go Wallpaper HD Custom New Tab,,hxxps://adguard[.]com/en/blog/fake-ad-blockers-part-3[.]html
aklklkifmplgnobmieahildcfbleamdb, Super Junior Wallpapers Eunhyuk,,hxxps://adguard[.]com/en/blog/fake-ad-blockers-part-3[.]html
albakpncdngcejcjdahomfbkakbmafgb,Hourly to salary calculator?,hxxps://hourlytosalarycalculator[.]app,hxxps://layerxsecurity[.]com/blog/layerx-reveals-40malicious-browser-extensions/
alecjlhgldihcjjcffgjalappiifdhae,FairShare Unlock,,hxxps://securitywithsam[.]com/2019/07/dataspii-leak-via-browser-extensions/
almfnpjmjpnknlgpipillhfmchjikkno,,,hxxps://duo[.]com/labs/research/crxcavator-malvertising-2020
alogdolelipkojjgggejccalcbdioolg,Yahoo SecurySearchª,hxxps://securysearch[.]com,hxxps://docs[.]google[.]com/spreadsheets/d/1LN7MQ_9W5QHIyZjjqXK7JnSiCLlcF4aBRhmZKon-p4U/edit?gid=0#gid=53
alppaffmlaefpmopolgpkgmncopkbbep, Boku No Hero Academia Wallpaper HD New Tab,,hxxps://adguard[.]com/en/blog/fake-ad-blockers-part-3[.]html
amdnpfcpjglkdfcigaccfgmlmdepdpeo, D[.]Gray-man Backgrounds New Tab,,hxxps://adguard[.]com/en/blog/fake-ad-blockers-part-3[.]html
anbnajjakpmfdofijejenaclbceejlll,Alt-j,,hxxps://blog[.]radware[.]com/security/2018/05/nigelthorn-malware-abuses-chrome-extensions/
anflghppebdhjipndogapfagemgnlblh,,,hxxps://palant[.]info/2023/06/08/another-cluster-of-potentially-malicious-chrome-extensions/
anihmmejabpaocacmeodiapbhpholaom,,,hxxps://medium[.]com/mycrypto/discovering-fake-browser-extensions-that-target-users-of-ledger-trezor-mew-metamask-and-more-e281a2b80ff9
anmbbeeiaollmpadookgoakpfjkbidaf,,,hxxps://palant[.]info/2023/06/08/another-cluster-of-potentially-malicious-chrome-extensions/
aoeacblfmdamdejeiaepojbhohhkmkjh,RadioGaGa,,hxxps://habr[.]com/en/company/yandex/blog/534586/
aofddmgnidinflambjlfkpboeamdldbd,HTML validator,hxxps://htmlvalidator[.]app,hxxps://layerxsecurity[.]com/blog/layerx-reveals-40malicious-browser-extensions/
aomepndmhbbklcjcknnhdabaaofahjcj, Super Cars - Sports Cars Wallpaper HD New Tab,,hxxps://adguard[.]com/en/blog/fake-ad-blockers-part-3[.]html
aonedlchkbicmhepimiahfalheedjgbh,,,hxxps://habr[.]com/en/company/yandex/blog/534586/
apgohnlmnmkblgfplgnlmkjcpocgfomp,,,hxxps://awakesecurity[.]com/wp-content/uploads/2020/06/GalComm-Malicious-Chrome-Extensions-Appendix-B[.]txt
apjnadhmhgdobcdanndaphcpmnjbnfng,,,hxxps://awakesecurity[.]com/wp-content/uploads/2020/06/GalComm-Malicious-Chrome-Extensions-Appendix-B[.]txt
badbchbijjjadlpjkkhmefaghggjjeha, Lil Pump HD New Tab,,hxxps://adguard[.]com/en/blog/fake-ad-blockers-part-3[.]html
bahkljhhdeciiaodlkppoonappfnheoi,,,hxxps://awakesecurity[.]com/wp-content/uploads/2020/06/GalComm-Malicious-Chrome-Extensions-Appendix-B[.]txt
bahogceckgcanpcoabcdgmoidngedmfo,,,hxxps://palant[.]info/2023/05/31/more-malicious-extensions-in-chrome-web-store/
bannaglhmenocdjcmlkhkcciioaepfpj,,,hxxps://awakesecurity[.]com/wp-content/uploads/2020/06/GalComm-Malicious-Chrome-Extensions-Appendix-B[.]txt
bbbdfjdplonnggfjjbjhggobffkggnkm, 3D Wallpaper HD Custom New Tab,,hxxps://adguard[.]com/en/blog/fake-ad-blockers-part-3[.]html
bbdldenhkjcoikalkfkgolomdpnncofc, Snowman & Gingerbread New Tab Constellations,,hxxps://adguard[.]com/en/blog/fake-ad-blockers-part-3[.]html
bbjilncoookdcjjnkcdaofiollndepla,,,hxxps://duo[.]com/labs/research/crxcavator-malvertising-2020
bblkckhknhmalchbceidkmjalmcmnkfa,,,hxxps://duo[.]com/labs/research/crxcavator-malvertising-2020
bcdjcbgogdomoebdcbniaifnacjbglil, Gucci Tab Themes HD Bape,,hxxps://adguard[.]com/en/blog/fake-ad-blockers-part-3[.]html
bcepmajicjlaoleoljbpaemkfghohmib, Bulldogs Tab,,hxxps://adguard[.]com/en/blog/fake-ad-blockers-part-3[.]html
bdbablmeheiahecklheciomhmkplcoml, Kobe Bryant - Black Mamba New Tab Themes HD,,hxxps://adguard[.]com/en/blog/fake-ad-blockers-part-3[.]html
bebmphofpgkhclocdbgomhnjcpelbenh,,,hxxps://palant[.]info/2023/06/08/another-cluster-of-potentially-malicious-chrome-extensions/
bfeecodfffgkdedfhmgbfindokikafid, GTA 5 Grand Theft Auto,,hxxps://adguard[.]com/en/blog/fake-ad-blockers-part-3[.]html
bhahpmoebdipfoaadcclkcnieeokebnf,Bitcoin price live,hxxps://bitcoin-price[.]live,hxxps://layerxsecurity[.]com/blog/layerx-reveals-40malicious-browser-extensions/
bhcpgfhiobcpokfpdahijhnipenkplji,Instagram Download Video & Image,,hxxps://press[.]avast[.]com/third-party-browser-extensions-from-instagram-facebook-vimeo-and-others-infected-with-malware
bhfoemlllidnfefgkeaeocnageepbael,App Phone for Instagram,,hxxps://press[.]avast[.]com/third-party-browser-extensions-from-instagram-facebook-vimeo-and-others-infected-with-malware
bhifimmocncplbnikchffepggmofkake, Bangtan Boys Wallpaper HD Custom New Tab,,hxxps://adguard[.]com/en/blog/fake-ad-blockers-part-3[.]html
bjlcpoknpgaoaollojjdnbdojdclidkh,,,hxxps://palant[.]info/2023/05/31/more-malicious-extensions-in-chrome-web-store/
bkpdalonclochcahhipekbnedhklcdnp,,,hxxps://palant[.]info/2023/05/31/more-malicious-extensions-in-chrome-web-store/
blipiofdiknkllpajgepiiigfmfgnfep, Aquarium Live Wallpaper HD Custom New Tab,,hxxps://adguard[.]com/en/blog/fake-ad-blockers-part-3[.]html
bmagbmnmkaknlnoohbmobfmlgndijecb, RM & Jin Tab Wallpapers,,hxxps://adguard[.]com/en/blog/fake-ad-blockers-part-3[.]html
bmkgbgkneealfabgnjfeljaiegpginpl,,,hxxps://palant[.]info/2023/06/08/another-cluster-of-potentially-malicious-chrome-extensions/
bmngkajcejghcgafbobemkpjboikmgfi,UpVoice,,hxxps://www[.]zdnet[.]com/article/facebook-sues-two-chrome-extension-makers-for-scraping-user-data/
bnecbeikepeloplclngelcgmgdnafhlp, Akame Ga Kill Wallpapers HD,,hxxps://adguard[.]com/en/blog/fake-ad-blockers-part-3[.]html
bpnmalopmgpilaoikaeafokedkkonhea, Sports Cars,,hxxps://adguard[.]com/en/blog/fake-ad-blockers-part-3[.]html
caibdnkmpnjhjdfnomfhijhmebigcelo,Unlock Discord,,hxxps://www[.]malwarebytes[.]com/blog/news/2025/07/millions-of-people-spied-on-by-malicious-browser-extensions-in-chrome-and-edge
cbajickflblmpjodnjoldpiicfmecmif,Unblock TikTok,,hxxps://www[.]malwarebytes[.]com/blog/news/2025/07/millions-of-people-spied-on-by-malicious-browser-extensions-in-chrome-and-edge
cbncogjaakomibjcgdkpdjmlhfcjfojc, Moving Wallpapers Wallpapers,,hxxps://adguard[.]com/en/blog/fake-ad-blockers-part-3[.]html
ccgmdfdcnpcfmpceggggmnhbolkhlffi, Christmas Tree Lights NewTab Emoji,,hxxps://adguard[.]com/en/blog/fake-ad-blockers-part-3[.]html
ccjlpblmgkncnnimcmbanbnhbggdpkie,Sound Booster,,hxxps://palant[.]info/2023/06/08/another-cluster-of-potentially-malicious-chrome-extensions/
cclhgechkjghfaoebihpklmllnnlnbdb,,,hxxps://palant[.]info/2023/06/08/another-cluster-of-potentially-malicious-chrome-extensions/
ccmnnlcciddhkdllgfmkojmmmpahdhlp, Jungkook HD Tab Backgrounds,,hxxps://adguard[.]com/en/blog/fake-ad-blockers-part-3[.]html
ccollcihnnpcbjcgcjfmabegkpbehnip,FortiVPN,hxxps://forti-vpn[.]com/,hxxps://layerxsecurity[.]com/blog/layerx-reveals-40malicious-browser-extensions/
cdpmhflbdaoifgkmlhpfkbfgcifchgpn, CS GO Themes NewTab,,hxxps://adguard[.]com/en/blog/fake-ad-blockers-part-3[.]html
ceoldlgkhdbnnmojajjgfapagjccblib,VK Unblock[.]  Works Fast[.],,hxxps://press[.]avast[.]com/third-party-browser-extensions-from-instagram-facebook-vimeo-and-others-infected-with-malware
cepgcjakdboolfkcbihdokfjjkeaddin, One Direction 1D HD NewTab,,hxxps://adguard[.]com/en/blog/fake-ad-blockers-part-3[.]html
cfadfngejcdogjkkdohpkgeodjooogip, My Hero Academia Wallpaper HD Custom New Tab,,hxxps://adguard[.]com/en/blog/fake-ad-blockers-part-3[.]html
cfegchignldpfnjpodhcklmgleaoanhi,,,hxxps://palant[.]info/2023/06/08/another-cluster-of-potentially-malicious-chrome-extensions/
cfllfglbkmnbkcibbjoghimalbileaic,,,hxxps://palant[.]info/2023/06/08/another-cluster-of-potentially-malicious-chrome-extensions/
cgdmknakejoaompdmdeddpgmjffnniab, Suga,,hxxps://adguard[.]com/en/blog/fake-ad-blockers-part-3[.]html
cghdfcbncfjhleinblpalngjhojokjeo,Private Search for Chromeª,hxxps://wiseghostapp[.]com,hxxps://docs[.]google[.]com/spreadsheets/d/1LN7MQ_9W5QHIyZjjqXK7JnSiCLlcF4aBRhmZKon-p4U/edit?gid=0#gid=23
cgodgjmdljiecnbcgdampafcmlgmfmid, Puppies Wallpaper HD Custom New Tab,,hxxps://adguard[.]com/en/blog/fake-ad-blockers-part-3[.]html
cgpbghdbejagejmciefmekcklikpoeel,Vimeo Video Downloader,,hxxps://press[.]avast[.]com/third-party-browser-extensions-from-instagram-facebook-vimeo-and-others-infected-with-malware
chlpbdodahbpifpjbcoocpfadoffdbpb,Slope unblocked game,,hxxps://www[.]reddit[.]com/r/chrome/comments/hbpi7z/found_a_extension_that_contains_malware/
chmaijbnjdnkjknoigffoohjhpejjppd,Emoji keyboard,,hxxps://www[.]bleepingcomputer[.]com/news/security/facebook-sues-makers-of-malicious-chrome-extensions-for-scraping-data/
chmfnmjfghjpdamlofhlonnnnokkpbao,,,hxxps://palant[.]info/2023/05/31/more-malicious-extensions-in-chrome-web-store/
cibigjhoekijbagpgcgpgimebaiocdgm, Gta V Wallpaper HD Custom New Tab,,hxxps://adguard[.]com/en/blog/fake-ad-blockers-part-3[.]html
ciifcakemmcbbdpmljdohdmbodagmela,,,hxxps://palant[.]info/2023/05/31/more-malicious-extensions-in-chrome-web-store/
cjbdbomgdbdgdlainhobpjnfkoidcond, Lamborghini Live Wallpaper HD Custom New Tab,,hxxps://adguard[.]com/en/blog/fake-ad-blockers-part-3[.]html
cjljdgfhkjbdbkcdkfojleidpldagmao,,,hxxps://palant[.]info/2023/06/08/another-cluster-of-potentially-malicious-chrome-extensions/
cjmpdadldchjmljhkigoeejegmghaabp,Stories for Instagram,,hxxps://press[.]avast[.]com/third-party-browser-extensions-from-instagram-facebook-vimeo-and-others-infected-with-malware
ckcfkaikieiicfdeomgehmnjglnofhde,Crypto Whale Alert Ð Blockchain Transaction Data,hxxps://crypto-whale[.]top,hxxps://layerxsecurity[.]com/blog/layerx-reveals-40malicious-browser-extensions/
ckkgmccefffnbbalkmbbgebbojjogffn,Shitcoin Wallet,,hxxps://www[.]zdnet[.]com/article/chrome-extension-caught-stealing-crypto-wallet-private-keys/
cknmibbkfbephciofemdjndbgebggnkc,Calendly Daily | Free Meeting Scheduling Software,hxxps://calendly-daily[.]com,hxxps://layerxsecurity[.]com/blog/layerx-reveals-40malicious-browser-extensions/
clndgmolhlkchkbiinamamnbibkakiml, Tokyo Ghoul Wallpaper HD Custom New Tab,,hxxps://adguard[.]com/en/blog/fake-ad-blockers-part-3[.]html
cmbfgkkjfkmmhalhebnhmanbenfghkcm, Galaxy Wallpaper HD Custom New Tab,,hxxps://adguard[.]com/en/blog/fake-ad-blockers-part-3[.]html
cncepimkmnhgbjmbcgoomegdkdhplihm, Stargate SG-1 Tab Wallpapers HD,,hxxps://adguard[.]com/en/blog/fake-ad-blockers-part-3[.]html
cnfbbaddndiehkmhdmmngecaofaojaeo, Rogue One - Star Wars Wallpaper HD New Tab,,hxxps://adguard[.]com/en/blog/fake-ad-blockers-part-3[.]html
coabfkgengacobjpmdlmmihhhfnhbjdm,,,hxxps://palant[.]info/2023/06/08/another-cluster-of-potentially-malicious-chrome-extensions/
codilkcdacpeklilmgjknekfpminaieo, Bugatti Vs Lamborghini Wallpaper HD New Tab,,hxxps://adguard[.]com/en/blog/fake-ad-blockers-part-3[.]html
cpehflfpgdgofpocagbdeecjlfhjfjdh,In Site Search for Chromeª,hxxps://watchtowerprotection[.]com,hxxps://docs[.]google[.]com/spreadsheets/d/1LN7MQ_9W5QHIyZjjqXK7JnSiCLlcF4aBRhmZKon-p4U/edit?gid=0#gid=20
cpmpjapeeidaikiiemnddfgfdfjjhgif,,,hxxps://palant[.]info/2023/06/14/why-browser-extension-games-need-access-to-all-websites/
dakenmmdlklnjdpdfmdjccpeapmijaad, Galaxy Space Wallpaper HD Custom New Tab,,hxxps://adguard[.]com/en/blog/fake-ad-blockers-part-3[.]html
dambkkeeabmnhelekdekfmabnckghdih,App Phone for Instagram,,hxxps://press[.]avast[.]com/third-party-browser-extensions-from-instagram-facebook-vimeo-and-others-infected-with-malware
dapecdhpbakbfcoijjpdfoffnajhifej, Avengers Endgame,,hxxps://adguard[.]com/en/blog/fake-ad-blockers-part-3[.]html
dcaffjpclkkjfacgfofgpjbmgjnjlpmh,,,hxxps://palant[.]info/2023/06/08/another-cluster-of-potentially-malicious-chrome-extensions/
dckadbanpeemhkphnnllamgolhbbbebi, Spiderman HD NewTab Comics,,hxxps://adguard[.]com/en/blog/fake-ad-blockers-part-3[.]html
dcnjgfafcnopabhpgoekkgckgkkddpjg,Youtube Vision,hxxps://youtube-vision[.]world,hxxps://layerxsecurity[.]com/blog/layerx-reveals-40malicious-browser-extensions/
ddodaoihhhohncjalnjgmgnlfhgckgdj, Glitter Wallpaper HD Custom New Tab,,hxxps://adguard[.]com/en/blog/fake-ad-blockers-part-3[.]html
deciloopcooglpjhomblbbjeeenohbpg,Ads Feed,,hxxps://www[.]zdnet[.]com/article/facebook-sues-two-chrome-extension-makers-for-scraping-user-data/
deebfeldnfhemlnidojiiidadkgnglpi,,,hxxps://palant[.]info/2023/05/31/more-malicious-extensions-in-chrome-web-store/
dgjmdlifhbljhmgkjbojeejmeeplapej,Universal Video Downloader,,hxxps://press[.]avast[.]com/third-party-browser-extensions-from-instagram-facebook-vimeo-and-others-infected-with-malware
dhbhgfiodedkhgocailljbhcfjhplibb, Super Cars Wallpaper HD Custom New Tab,,hxxps://adguard[.]com/en/blog/fake-ad-blockers-part-3[.]html
dhcnonhheahlocjbbpkbammanpenpfop, Naruto Wallpaper HD Custom New Tab,,hxxps://adguard[.]com/en/blog/fake-ad-blockers-part-3[.]html
dhgmdjkeagnhamkedcejighocjkkijli, Cats & Dogs Wallpapers & Cats & Dogs Games,,hxxps://adguard[.]com/en/blog/fake-ad-blockers-part-3[.]html
dhhmopcmpiadcgchhhldcpoeppcofdic,Free VPN Ð Orchid | Unlimited VPN,hxxps://orchid-vpn[.]com,hxxps://layerxsecurity[.]com/blog/layerx-reveals-40malicious-browser-extensions/
dinlhhblgeikohhbfkcoeggglbjlanhg, Riverdale Tab Themes,,hxxps://adguard[.]com/en/blog/fake-ad-blockers-part-3[.]html
djekgpcemgcnfkjldcclcpcjhemofcib,,,hxxps://palant[.]info/2023/06/08/another-cluster-of-potentially-malicious-chrome-extensions/
djffibmpaakodnbmcdemmmjmeolcmbae,Stickies Chromes Post-it Notes,,hxxps://blog[.]gigamon[.]com/2018/01/18/malicious-chrome-extensions-enable-criminals-to-impact-half-a-million-users-and-global-businesses/
djjdjlbigcdjlghdioabbkjhdelmdhai, Kawaii Wallpaper HD Custom New Tab,,hxxps://adguard[.]com/en/blog/fake-ad-blockers-part-3[.]html
djmpbcihmblfdlkcfncodakgopmpgpgh,,,hxxps://palant[.]info/2023/05/31/more-malicious-extensions-in-chrome-web-store/
dkbccihpiccbcheieabdbjikohfdfaje,,,hxxps://palant[.]info/2023/06/08/another-cluster-of-potentially-malicious-chrome-extensions/
dkcjihabohaldgjkdmenepolojcjdaah,Protecto Whois Searchª,hxxps://goprotecto[.]com,hxxps://docs[.]google[.]com/spreadsheets/d/1LN7MQ_9W5QHIyZjjqXK7JnSiCLlcF4aBRhmZKon-p4U/edit?gid=0#gid=50
dkcppkdodfegjkeefohjancleioblabi, Stephen Curry NewTab Wallpapers,,hxxps://adguard[.]com/en/blog/fake-ad-blockers-part-3[.]html
dkfbfgncahnfghoemhmmlfefhpolihom, Naruto Wallpaper HD Custom New Tab,,hxxps://adguard[.]com/en/blog/fake-ad-blockers-part-3[.]html
dljdbmkffjijepjnkonndbdiakjfdcic,Volume Controller,,hxxps://press[.]avast[.]com/third-party-browser-extensions-from-instagram-facebook-vimeo-and-others-infected-with-malware
dlpimjmonhbmamocpboifndnnakgknbf,,,hxxps://palant[.]info/2023/06/08/another-cluster-of-potentially-malicious-chrome-extensions/
dmakkciciccnjgmfjflpbdfkdnmpfghp,Securify Viewpoint Searchª,hxxps://mysecurify[.]com,hxxps://docs[.]google[.]com/spreadsheets/d/1LN7MQ_9W5QHIyZjjqXK7JnSiCLlcF4aBRhmZKon-p4U/edit?gid=0#gid=36
dmbjkidogjmmlejdmnecpmfapdmidfjg,,,hxxps://palant[.]info/2023/06/08/another-cluster-of-potentially-malicious-chrome-extensions/
dmklpmfpkokephcjdmocddkhilglgajl, Witcher Backgrounds HD Tab,,hxxps://adguard[.]com/en/blog/fake-ad-blockers-part-3[.]html
dmnajaiijohbndidolbdbpicdjanombo,Incognito Search for Chromeª,hxxps://fireshieldnow[.]com,hxxps://docs[.]google[.]com/spreadsheets/d/1LN7MQ_9W5QHIyZjjqXK7JnSiCLlcF4aBRhmZKon-p4U/edit?gid=0#gid=27
dnbipceilikdgjmeiagblfckeialaela,,,hxxps://palant[.]info/2023/06/14/why-browser-extension-games-need-access-to-all-websites/
dneifdhdmnmmlobjbimlkcnhkbidmlek,,,hxxps://palant[.]info/2023/06/08/another-cluster-of-potentially-malicious-chrome-extensions/
dnimnhhaiphlclcocakkfgnnekoggjpl, Planet Earth Nature Space Art Wallpaper Tab,,hxxps://adguard[.]com/en/blog/fake-ad-blockers-part-3[.]html
doecpeonnonddhfpabfgblijljennlcj, Galaxy Space Wallpaper HD Custom New Tab,,hxxps://adguard[.]com/en/blog/fake-ad-blockers-part-3[.]html
dofbgmolpdoknlknfjddecnahgjpinpb, Beagle Wallpapers New Tab,,hxxps://adguard[.]com/en/blog/fake-ad-blockers-part-3[.]html
dohmiglipinohflhapdagfgbldhmoojl,DeBank Ð Digital Assets,winchester[.]abram37,hxxps://layerxsecurity[.]com/blog/layerx-reveals-40malicious-browser-extensions/
doiiaejbgndnnnomcdhefcbfnbbjfbib,,,hxxps://palant[.]info/2023/06/08/another-cluster-of-potentially-malicious-chrome-extensions/
dpdibkjjgbaadnnjhkmmnenkmbnhpobj,Free Weather Forecast,,hxxps://www[.]malwarebytes[.]com/blog/news/2025/07/millions-of-people-spied-on-by-malicious-browser-extensions-in-chrome-and-edge
dpfofggmkhdbfcciajfdphofclabnogo,,,hxxps://palant[.]info/2023/06/08/another-cluster-of-potentially-malicious-chrome-extensions/
dpglnfbihebejclmfmdcbgjembbfjneo,Branded Surveys,,hxxps://securitywithsam[.]com/2019/07/dataspii-leak-via-browser-extensions/
dppilebghcniomddkpphiminideiajff,Web for Instagram plus DM,,hxxps://www[.]bleepingcomputer[.]com/news/security/facebook-sues-makers-of-malicious-chrome-extensions-for-scraping-data/
dppnhoaonckcimpejpjodcdoenfjleme,,,hxxps://palant[.]info/2023/05/31/more-malicious-extensions-in-chrome-web-store/
dppogkehbpnikehcmadgkbimjnmhdnlo, Blue Exorcist Wallpapers NewTab,,hxxps://adguard[.]com/en/blog/fake-ad-blockers-part-3[.]html
eabhkjojehdleajkbigffmpnaelncapp,,,hxxps://palant[.]info/2023/06/08/another-cluster-of-potentially-malicious-chrome-extensions/
ealojglnbikknifbgleaceopepceakfn,,,hxxps://palant[.]info/2023/06/08/another-cluster-of-potentially-malicious-chrome-extensions/
eapceolnilleaiiaapgionibccekkeom, Boku No Hero Academia Wallpaper HD New Tab,,hxxps://adguard[.]com/en/blog/fake-ad-blockers-part-3[.]html
ebdbcfomjliacpblnioignhfhjeajpch,,,hxxps://palant[.]info/2023/06/08/another-cluster-of-potentially-malicious-chrome-extensions/
ebhcaliljppmelancooakfgcgcceiind,Quick Manuals for Chromeª,hxxps://thesqout[.]com,hxxps://docs[.]google[.]com/spreadsheets/d/1LN7MQ_9W5QHIyZjjqXK7JnSiCLlcF4aBRhmZKon-p4U/edit?gid=0#gid=37
ecaejcfpngljeinjmahknbemhnddiioe, Sicario Day Of The Soldado Themes NewTab,,hxxps://adguard[.]com/en/blog/fake-ad-blockers-part-3[.]html
ecgafllkghmmbnhacnpcobibalonhkkj, StarCraft Themes NewTab,,hxxps://adguard[.]com/en/blog/fake-ad-blockers-part-3[.]html
eckokfcjbjbgjifpcbdmengnabecdakp,Dark Theme,,hxxps://www[.]malwarebytes[.]com/blog/news/2025/07/millions-of-people-spied-on-by-malicious-browser-extensions-in-chrome-and-edge
edadmcnnkkkgmofibeehgaffppadbnbi,,,hxxps://palant[.]info/2023/05/31/more-malicious-extensions-in-chrome-web-store/
edbhdbhgdbanjhdnpjcianjgfmdkgbcf,Data Shield for Chrome,hxxps://wiseghostapp[.]com,hxxps://docs[.]google[.]com/spreadsheets/d/1LN7MQ_9W5QHIyZjjqXK7JnSiCLlcF4aBRhmZKon-p4U/edit?gid=0#gid=25
edfmeionipdoohiagoaefljjhififgnl, Nike Themes,,hxxps://adguard[.]com/en/blog/fake-ad-blockers-part-3[.]html
edgbooeklapanaclbchdiaekalebmfgb, Jesus New Tab,,hxxps://adguard[.]com/en/blog/fake-ad-blockers-part-3[.]html
edlifbnjlicfpckhgjhflgkeeibhhcii,,,hxxps://palant[.]info/2023/06/08/another-cluster-of-potentially-malicious-chrome-extensions/
edohegfjelahakooigmnmkmjofcjgofe, Sword Art Online Wallpaper HD Custom New Tab,,hxxps://adguard[.]com/en/blog/fake-ad-blockers-part-3[.]html
edpoobbacbcmfpnfpjoambjbihhobooi,keeprivate,,hxxps://blog[.]radware[.]com/security/2018/05/nigelthorn-malware-abuses-chrome-extensions/
eeeiekjkpbneogggaajnjldadjmclhlo, Bts Suga,,hxxps://adguard[.]com/en/blog/fake-ad-blockers-part-3[.]html
eejkpejdfojkbklnlnpgpojoidojbhnh, Hot Rod Wallpapers - Classic Cars Themes,,hxxps://adguard[.]com/en/blog/fake-ad-blockers-part-3[.]html
eekblbhfmladafbmpgkdedmolbjkjbnc,Search Images on Chromeª,hxxps://thesqout[.]com,hxxps://docs[.]google[.]com/spreadsheets/d/1LN7MQ_9W5QHIyZjjqXK7JnSiCLlcF4aBRhmZKon-p4U/edit?gid=0#gid=38
efckalhlcogbdbfopffmbacghfoelaia, Anime Wallpaper HD Custom New Tab,,hxxps://adguard[.]com/en/blog/fake-ad-blockers-part-3[.]html
efnaoofiidefjeefpnheopknaciohldg, Zelda Wallpaper HD Custom New Tab,,hxxps://adguard[.]com/en/blog/fake-ad-blockers-part-3[.]html
egdpmjnldpefdaiekiapjkanabfiaodp, Anime Wallpaper HD Custom New Tab,,hxxps://adguard[.]com/en/blog/fake-ad-blockers-part-3[.]html
eggeoellnjnnglaibpcmggjnjifeebpi,,,hxxps://palant[.]info/2023/06/08/another-cluster-of-potentially-malicious-chrome-extensions/
egicjjdcjhfdnejimnhngogjmoajffpm, Video Downloader and MP3 converter Pro,,hxxps://adguard[.]com/en/blog/fake-ad-blockers-part-3[.]html
eheagnmidghfknkcaehacggccfiidhik,Email checker Ð verify email address in 1-click,hxxps://email-checker[.]pro,hxxps://layerxsecurity[.]com/blog/layerx-reveals-40malicious-browser-extensions/
ehmneimbopigfgchjglgngamiccjkijh,,,hxxps://palant[.]info/2023/06/08/another-cluster-of-potentially-malicious-chrome-extensions/
ehpgcagmhpndkmglombjndkdmggkgnge,,,hxxps://palant[.]info/2023/06/08/another-cluster-of-potentially-malicious-chrome-extensions/
eikbfklcjampfnmclhjeifbmfkpkfpbn,Universal Video Downloader,,hxxps://press[.]avast[.]com/third-party-browser-extensions-from-instagram-facebook-vimeo-and-others-infected-with-malware
ejcefeinlmdmpnohebfckmodhdkhlgmk, Danganronpa Wallpapers,,hxxps://adguard[.]com/en/blog/fake-ad-blockers-part-3[.]html
ejfajpmpabphhkcacijnhggimhelopfg,Stylebot,,hxxps://habr[.]com/en/company/yandex/blog/534586/
ejighbgeedkpcambhfkohdalcgckdein, Adblocker for YouTube - Youtube Adblocker,,hxxps://adguard[.]com/en/blog/fake-ad-blockers-part-3[.]html
ejkdgndbgpfcaggpmnijcbddlnmdnpka,Givero Search for Chromeª,hxxps://givero[.]com,hxxps://docs[.]google[.]com/spreadsheets/d/1LN7MQ_9W5QHIyZjjqXK7JnSiCLlcF4aBRhmZKon-p4U/edit?gid=0#gid=39
ejllkedmklophclpgonojjkaliafeilj,,,hxxps://palant[.]info/2023/06/08/another-cluster-of-potentially-malicious-chrome-extensions/
ekjogkoigkhbgdgpolejnjfmhdcgaoof,,,hxxps://palant[.]info/2023/06/08/another-cluster-of-potentially-malicious-chrome-extensions/
eldjnmdpkecnjjkmmgndpcibgkfpodfh,Browse Securely for Chromeª,hxxps://securybrowse[.]com,hxxps://docs[.]google[.]com/spreadsheets/d/1LN7MQ_9W5QHIyZjjqXK7JnSiCLlcF4aBRhmZKon-p4U/edit?gid=0#gid=11
elipckbifniceedgalakgnmgeimfdcdi,Headline Generator,hxxps://headlinegenerator[.]app,hxxps://layerxsecurity[.]com/blog/layerx-reveals-40malicious-browser-extensions/
elpdbicokgbedckgblmbhoamophfbchi,,,hxxps://palant[.]info/2023/06/08/another-cluster-of-potentially-malicious-chrome-extensions/
emechknidkghbpiodihlodkhnljplpjm,Video Downloader for FaceBook,,hxxps://press[.]avast[.]com/third-party-browser-extensions-from-instagram-facebook-vimeo-and-others-infected-with-malware
emeokgokialpjadjaoeiplmnkjoaegng,,,hxxps://palant[.]info/2023/06/08/another-cluster-of-potentially-malicious-chrome-extensions/
empoeejllbcgpkmghimibnapemegnihf, Cristiano Ronaldo Wallpapers,,hxxps://adguard[.]com/en/blog/fake-ad-blockers-part-3[.]html
enlaekiichndcbohopenblignipkjaoa, Auto Replay for YouTube,,hxxps://adguard[.]com/en/blog/fake-ad-blockers-part-3[.]html
enmomapaolnpbaenhilkjhmobpggjcpm, Anime Wallpaper HD Custom New Tab,,hxxps://adguard[.]com/en/blog/fake-ad-blockers-part-3[.]html
eoalbaojjblgndkffciljmiddhgjdldh,Madgicx Plus Ð The SuperApp for Meta Advertisers,hxxps://madgicx-plus[.]com,hxxps://layerxsecurity[.]com/blog/layerx-reveals-40malicious-browser-extensions/
eobcealmgdjeoheieiobkedbgddicaba,Securify Your Browser,hxxps://mysecurify[.]com,hxxps://docs[.]google[.]com/spreadsheets/d/1LN7MQ_9W5QHIyZjjqXK7JnSiCLlcF4aBRhmZKon-p4U/edit?gid=0#gid=7
eoclijfghiglinncpceohgaigfgnlbim,Yahoo Search by Ghost,hxxps://wiseghostapp[.]com,hxxps://docs[.]google[.]com/spreadsheets/d/1LN7MQ_9W5QHIyZjjqXK7JnSiCLlcF4aBRhmZKon-p4U/edit?gid=0#gid=22
eoeoincjhpflnpdaiemgbboknhkblome,Savematik,,hxxps://habr[.]com/en/company/yandex/blog/534586/
eohabjkmhajbeaejogdikpgapkeigdki, Bangtan Boys Wallpaper HD Custom New Tab,,hxxps://adguard[.]com/en/blog/fake-ad-blockers-part-3[.]html
eoijplcnfnjgofchhdkkhpfcjkcefgkb, Minecraft Wallpaper HD Custom New Tab,,hxxps://adguard[.]com/en/blog/fake-ad-blockers-part-3[.]html
eokjikchkppnkdipbiggnmlkahcdkikp,Geco colorpick,,hxxps://www[.]malwarebytes[.]com/blog/news/2025/07/millions-of-people-spied-on-by-malicious-browser-extensions-in-chrome-and-edge
epeigjgefhajkiiallmfblgglmdbhfab,,,hxxps://palant[.]info/2023/06/08/another-cluster-of-potentially-malicious-chrome-extensions/
eplfglplnlljjpeiccbgnijecmkeimed,,,hxxps://palant[.]info/2023/06/08/another-cluster-of-potentially-malicious-chrome-extensions/
eppiocemhmnlbhjplcgkofciiegomcon,Urban VPN Proxy,,hxxps://www[.]mundoconectado[.]com.br/seguranca/cuidado-esta-extensao-de-navegador-esta-espionando-suas-conversas-com-ia/
facihnceaoboeoembnbmdlecmkpioacc, Ferrari Wallpaper HD Custom New Tab,,hxxps://adguard[.]com/en/blog/fake-ad-blockers-part-3[.]html
fagaafjhdmoagacggplmbpganjfjjpcf, Detective Pikachu Wallpaper HD Custom New Tab,,hxxps://adguard[.]com/en/blog/fake-ad-blockers-part-3[.]html
fanonokndfeibplocpeipgfbopkigcce, Sword Art Online Wallpaper HD Custom New Tab,,hxxps://adguard[.]com/en/blog/fake-ad-blockers-part-3[.]html
faokbgedcfhnfecloigcihpplicdnann, Japan NewTab,,hxxps://adguard[.]com/en/blog/fake-ad-blockers-part-3[.]html
fbbjijdngocdplimineplmdllhjkaece,,,hxxps://palant[.]info/2023/06/08/another-cluster-of-potentially-malicious-chrome-extensions/
fbhbpnjkpcdmcgcpfilooccjgemlkinn,Instagram App with Direct Message DM,,hxxps://press[.]avast[.]com/third-party-browser-extensions-from-instagram-facebook-vimeo-and-others-infected-with-malware
fbjfihoienmhbjflbobnmimfijpngkpa,,,hxxps://palant[.]info/2023/05/31/more-malicious-extensions-in-chrome-web-store/
fbjhgeaafhlbjiejehpjdnghinlcceak,,,hxxps://palant[.]info/2023/06/08/another-cluster-of-potentially-malicious-chrome-extensions/
fcdopghpidfdeglcheccmehiaedgpmkm, Wreck It Ralph 2 New Tab Themes HD Moana,,hxxps://adguard[.]com/en/blog/fake-ad-blockers-part-3[.]html
fcfmhlijjmckglejcgdclfneafoehafm,Site Stats,hxxps://sitestats[.]world,hxxps://layerxsecurity[.]com/blog/layerx-reveals-40malicious-browser-extensions/
fchgahponkgfomlgieipannlfanfbfak,ProtectMyInfo for Chromeª,hxxps://securybrowse[.]com,hxxps://docs[.]google[.]com/spreadsheets/d/1LN7MQ_9W5QHIyZjjqXK7JnSiCLlcF4aBRhmZKon-p4U/edit?gid=0#gid=54
fdacngbbemokpkmdkdefkoodndakgejc, Neon Wolf NewTab,,hxxps://adguard[.]com/en/blog/fake-ad-blockers-part-3[.]html
fdfffeipjpofnkmdkadjcjohdfoeblhk, Zombies Wallpaper HD Custom New Tab,,hxxps://adguard[.]com/en/blog/fake-ad-blockers-part-3[.]html
fedchalbmgfhdobblebblldiblbmpgdj,,,hxxps://palant[.]info/2023/06/08/another-cluster-of-potentially-malicious-chrome-extensions/
ffhamkjhfajcjlnobkogimnhiagohgfg, Freddy fnaf New Tab Backgrounds,,hxxps://adguard[.]com/en/blog/fake-ad-blockers-part-3[.]html
ffmfnniephcagojkpjddjiogjeoijjgl,VPN Free Ð Soul VPN Unlimited VPN Proxy,hxxps://soul-vpn[.]com,hxxps://layerxsecurity[.]com/blog/layerx-reveals-40malicious-browser-extensions/
fgaapohcdolaiaijobecfleiohcfhdfb,DM for Instagram,,hxxps://press[.]avast[.]com/third-party-browser-extensions-from-instagram-facebook-vimeo-and-others-infected-with-malware
fjnbjacfigdidgeeommhbdhnojamhpfg, Boku No Hero Academia Wallpaper HD New Tab,,hxxps://adguard[.]com/en/blog/fake-ad-blockers-part-3[.]html
fjohhelccbogecmolmjemopgackpnmpg, Portal Wallpapers & Portal Games,,hxxps://adguard[.]com/en/blog/fake-ad-blockers-part-3[.]html
fkhpfgpmejefmjaeelgoopkcglgafedm,,,hxxps://palant[.]info/2023/06/14/why-browser-extension-games-need-access-to-all-websites/
flagaiaajbikpfnnkodcphdcmgefmbcl, Aquarium Live Wallpaper HD Custom New Tab,,hxxps://adguard[.]com/en/blog/fake-ad-blockers-part-3[.]html
flbcjbhgomclbhlchggbmnpekhfeacim,ScreenShot & Screen Capture Elite,,hxxps://adguard[.]com/en/blog/fake-ad-blockers-part-3[.]html
flgfngbiaanimkhjkojnmilfalidpign, Chicago Cubs Wallpapers Cubs World,,hxxps://adguard[.]com/en/blog/fake-ad-blockers-part-3[.]html
flmihfcdcgigpfcfjpdcniidbfnffdcf,,,hxxps://palant[.]info/2023/05/31/more-malicious-extensions-in-chrome-web-store/
fmfjhicbjecfchfmpelfnifijeigelme,Forcepoint Endpoint for Windows,,hxxps://isc[.]sans[.]edu/forums/diary/Abusing+Google+Chrome+extension+syncing+for+data+exfiltration+and+CC/27066/
fmlpbbognkocpajihchioognkmdeeldo,,,hxxps://palant[.]info/2023/06/08/another-cluster-of-potentially-malicious-chrome-extensions/#c000003
fmngfipkcebejdconcibohjjgfmokhpa, Spiderman - Into The Spider Verse Themes Man,,hxxps://adguard[.]com/en/blog/fake-ad-blockers-part-3[.]html
fnblapfcdifokdbkpcbhpkajlkgmcjii, Motivational Quotes Wallpaper HD New Tab,,hxxps://adguard[.]com/en/blog/fake-ad-blockers-part-3[.]html
fnmihdojmnkclgjpcoonokmkhjpjechg,"Smart Sidebar: Chat GPT, Claude & DeepSeek",,hxxps://canaltech[.]com.br/seguranca/extensoes-populares-do-chrome-sao-pegas-roubando-conversas-do-chatgpt/
fobaamfiblkoobhjpiigemmdegbmpohd,,,hxxps://palant[.]info/2023/06/08/another-cluster-of-potentially-malicious-chrome-extensions/
fojomppheellamdaddnbgommepnlkooh,Secured Connection by SecuryBrowse,hxxps://securybrowse[.]com,hxxps://docs[.]google[.]com/spreadsheets/d/1LN7MQ_9W5QHIyZjjqXK7JnSiCLlcF4aBRhmZKon-p4U/edit?gid=0#gid=40
fpdjcfokkeooncckcolkmmppebjnfhgh, Kimetsu No Yaiba Wallpaper HD Custom New Tab,,hxxps://adguard[.]com/en/blog/fake-ad-blockers-part-3[.]html
fphafkamioonlcelldogidajbcmmicco, Galaxy Wallpaper HD Custom New Tab,,hxxps://adguard[.]com/en/blog/fake-ad-blockers-part-3[.]html
fpjbgjpkfcanmdgjpmnnmoekkaahmafg, Chevrolet Corvette Backgrounds,,hxxps://adguard[.]com/en/blog/fake-ad-blockers-part-3[.]html
fplmpcijomgjmfbjcidbgpjdmhmamlkf, Thanos Marvel Wallpaper HD Custom New Tab,,hxxps://adguard[.]com/en/blog/fake-ad-blockers-part-3[.]html
gabbbocakeomblphkmmnoamkioajlkfo,Nano Adblocker,,hxxps://www[.]zdnet[.]com/article/google-removes-two-chrome-ad-blockers-caught-collecting-user-data/
gadjnphfolikkffmppnicebdfimlblkj,Securify Kid Protection,hxxps://mysecurify[.]com,hxxps://docs[.]google[.]com/spreadsheets/d/1LN7MQ_9W5QHIyZjjqXK7JnSiCLlcF4aBRhmZKon-p4U/edit?gid=0#gid=9
gaiceihehajjahakcglkhmdbbdclbnlf,Free Weather Forecast,,hxxps://www[.]malwarebytes[.]com/blog/news/2025/07/millions-of-people-spied-on-by-malicious-browser-extensions-in-chrome-and-edge
gbdjcgalliefpinpmggefbloehmmknca,,,hxxps://palant[.]info/2023/06/08/another-cluster-of-potentially-malicious-chrome-extensions/
gceehiicnbpehbbdaloolaanlnddailm,,,hxxps://palant[.]info/2023/06/08/another-cluster-of-potentially-malicious-chrome-extensions/
gclgncjpanihjpbjbecgfmfnipggcckn,Incognito Shield for Chromeª,hxxps://watchtowerprotection[.]com,hxxps://docs[.]google[.]com/spreadsheets/d/1LN7MQ_9W5QHIyZjjqXK7JnSiCLlcF4aBRhmZKon-p4U/edit?gid=0#gid=19
gcnceeflimggoamelclcbhcdggcmnglm,,,hxxps://palant[.]info/2023/05/31/more-malicious-extensions-in-chrome-web-store/
gdacidkmmbdpkedejaljplnfhjidomio, Tokyo Ghoul Wallpaper HD Custom New Tab,,hxxps://adguard[.]com/en/blog/fake-ad-blockers-part-3[.]html
gdfjahfbaillhkeigeinoomhjnfajbon,Ad Vision Ð Free Ad Spy tool for Facebook,hxxps://ad-vision[.]click,hxxps://layerxsecurity[.]com/blog/layerx-reveals-40malicious-browser-extensions/
gdoomgeeelkgcmmoibloelbodkpggdle, Roblox Wallpaper HD Custom New Tab,,hxxps://adguard[.]com/en/blog/fake-ad-blockers-part-3[.]html
geoolholooeeblajdjffdmknpecbkmah, Pink Wallpaper HD Custom New Tab,,hxxps://adguard[.]com/en/blog/fake-ad-blockers-part-3[.]html
gfbgiekofllpkpaoadjhbbfnljbcimoh,,,hxxps://palant[.]info/2023/05/31/more-malicious-extensions-in-chrome-web-store/
gfjocjagfinihkkaahliainflifnlnfc,VK Music Downloader,,hxxps://habr[.]com/en/company/yandex/blog/534586/
gflkbgebojohihfnnplhbdakoipdbpdm,Youtube Unblocked,,hxxps://www[.]malwarebytes[.]com/blog/news/2025/07/millions-of-people-spied-on-by-malicious-browser-extensions-in-chrome-and-edge
ggacghlcchiiejclfdajbpkbjfgjhfol,,,hxxps://palant[.]info/2023/06/08/another-cluster-of-potentially-malicious-chrome-extensions/
ggolfgbegefeeoocgjbmkembbncoadlb,nano Defender,,hxxps://www[.]zdnet[.]com/article/google-removes-two-chrome-ad-blockers-caught-collecting-user-data/
ghfgeefhkkoajgmnopaldgcagohakhmg, Despicable Me 3 Wallpaper HD Custom New Tab,,hxxps://adguard[.]com/en/blog/fake-ad-blockers-part-3[.]html
ghhanhhegklhcoffmgkdbiekfhmbfbnc, Supercars Mustang-Lambo-Bugatti-Nissan Tab,,hxxps://adguard[.]com/en/blog/fake-ad-blockers-part-3[.]html
gidejehfgombmkfflghejpncblgfkagj,Cuponomia - Coupon and Cashback,hxxps://cuponomia[.]com[.]br,hxxps://docs[.]google[.]com/spreadsheets/d/1LN7MQ_9W5QHIyZjjqXK7JnSiCLlcF4aBRhmZKon-p4U/edit?gid=0#gid=29
gijlkeaijpeaoihdajcgmiajeoonnkoj,Securify Advanced Web Protection,hxxps://mysecurify[.]com,hxxps://docs[.]google[.]com/spreadsheets/d/1LN7MQ_9W5QHIyZjjqXK7JnSiCLlcF4aBRhmZKon-p4U/edit?gid=0#gid=31
ginfoagmgomhccdaclfbbbhfjgmphkph,Nyoogle Custom Logo for Google,,hxxps://blog[.]gigamon[.]com/2018/01/18/malicious-chrome-extensions-enable-criminals-to-impact-half-a-million-users-and-global-businesses/
gjjbmfigjpgnehjioicaalopaikcnheo,,,hxxps://palant[.]info/2023/06/08/another-cluster-of-potentially-malicious-chrome-extensions/
gjkigcdoljdojaaomnadffdhggoobdpc, Fortnite Live NewTab,,hxxps://adguard[.]com/en/blog/fake-ad-blockers-part-3[.]html
gkjkhpbembbjogoiejpkehohclfoljbp, Swag HD Tab Wallpapers,,hxxps://adguard[.]com/en/blog/fake-ad-blockers-part-3[.]html
glibnbcgclecomknccifdaglefljfoej, Nba Youngboy Wallpaper HD Custom New Tab,,hxxps://adguard[.]com/en/blog/fake-ad-blockers-part-3[.]html
gllogphgdmclhfledlcgmdolngohamcl, Horse Wallpaper HD Custom New Tab,,hxxps://adguard[.]com/en/blog/fake-ad-blockers-part-3[.]html
gmbebpcapalekeaoekfhpbioilghcfmp,AI Browser Managerª,hxxps://aiforchrome[.]com,hxxps://docs[.]google[.]com/spreadsheets/d/1LN7MQ_9W5QHIyZjjqXK7JnSiCLlcF4aBRhmZKon-p4U/edit?gid=0#gid=41
gmddfjhfjgbmabkihepijkanhmlooajl,Nigelfy,,hxxps://blog[.]radware[.]com/security/2018/05/nigelthorn-malware-abuses-chrome-extensions/
gmigkpkjegnpmjpmnmgnkhmoinpgdnfc,Calendly Docket | Free Meeting Scheduling Software,hxxps://calendly-docket[.]com,hxxps://layerxsecurity[.]com/blog/layerx-reveals-40malicious-browser-extensions/
gnamdgilanlgeeljfnckhboobddoahbl,SuperZoom,,hxxps://securitywithsam[.]com/2019/07/dataspii-leak-via-browser-extensions/
goaebigflkhjjblmofhoggdhebgnielo,,,hxxps://palant[.]info/2023/06/08/another-cluster-of-potentially-malicious-chrome-extensions/#c000004
gpdfpljioapjogbnlpmganakfjcemifk,,,hxxps://palant[.]info/2023/06/08/another-cluster-of-potentially-malicious-chrome-extensions/
gpghebehjahceknfdcfifeifhdbongld,Web Results for Chromeª,hxxps://wiseghostapp[.]com,hxxps://docs[.]google[.]com/spreadsheets/d/1LN7MQ_9W5QHIyZjjqXK7JnSiCLlcF4aBRhmZKon-p4U/edit?gid=0#gid=28
gpibjjfllodpcfhcjpamonnblkbinbie,Global search for Chromeª,hxxps://thesqout[.]com,hxxps://docs[.]google[.]com/spreadsheets/d/1LN7MQ_9W5QHIyZjjqXK7JnSiCLlcF4aBRhmZKon-p4U/edit?gid=0#gid=16
haagbldencigkgikfekmoaaofambnafp, Fire Horse Wallpaper HD Custom New Tab,,hxxps://adguard[.]com/en/blog/fake-ad-blockers-part-3[.]html
haglbigaalkckkedjamjibfnklbbodck, Puppies Wallpaper HD Custom New Tab,,hxxps://adguard[.]com/en/blog/fake-ad-blockers-part-3[.]html
hajlccgbgjdcjaommiffaphjdndpjcio,Vimeo Video Downloader,,hxxps://press[.]avast[.]com/third-party-browser-extensions-from-instagram-facebook-vimeo-and-others-infected-with-malware
hcgepcgbgnleafnfcepjbekchbdmekfa, J Hope & V Bts Vhope HD NewTab,,hxxps://adguard[.]com/en/blog/fake-ad-blockers-part-3[.]html
hdbchphkjjidcfidaelcpmonodhhaahp, Pokemon Go Wallpaper HD Custom New Tab,,hxxps://adguard[.]com/en/blog/fake-ad-blockers-part-3[.]html
hdbipekpdpggjaipompnomhccfemaljm,friGate3 proxy helper,,hxxps://habr[.]com/en/company/yandex/blog/534586/
hdgdghnfcappcodemanhafioghjhlbpb,,,hxxps://palant[.]info/2023/05/31/more-malicious-extensions-in-chrome-web-store/
hdljgflalglmllbagpacjmkdiggliidk, Dark Souls Themes NewTab HD,,hxxps://adguard[.]com/en/blog/fake-ad-blockers-part-3[.]html
hdpnlijiblkmokbjljbahhgkpokgpkli, Fortnite Live Wallpapers New Tab,,hxxps://adguard[.]com/en/blog/fake-ad-blockers-part-3[.]html
heaphjoejcpdagahbnkkloiaicpadomp, Blade Runner 2049 Wallpaper HD Custom New Tab,,hxxps://adguard[.]com/en/blog/fake-ad-blockers-part-3[.]html
hhlcpmdhlcoghhfgiiopcjbkfmdliknc,CSS validator,hxxps://cssvalidator[.]app,hxxps://layerxsecurity[.]com/blog/layerx-reveals-40malicious-browser-extensions/
hinhmojdkodmficpockledafoeodokmc,,,hxxps://palant[.]info/2023/05/31/more-malicious-extensions-in-chrome-web-store/
hjfmdhbmpagpfheceengkakdmpncmlif, Christmas Tree - Rose Gold Themes Frozen,,hxxps://adguard[.]com/en/blog/fake-ad-blockers-part-3[.]html
hjkjkmkoklbhjhlddialffkchddlncjb, Unicorns Wallpaper HD Custom New Tab,,hxxps://adguard[.]com/en/blog/fake-ad-blockers-part-3[.]html
hjlekdknhjogancdagnndeenmobeofgm,,,hxxps://palant[.]info/2023/06/08/another-cluster-of-potentially-malicious-chrome-extensions/
hjoihkjijjbkiglgeghbokincmidfped, Harry Potter Wallpaper HD Custom New Tab,,hxxps://adguard[.]com/en/blog/fake-ad-blockers-part-3[.]html
hkjagicdaogfgdifaklcgajmgefjllmd,Flash Player,,hxxps://www[.]malwarebytes[.]com/blog/news/2025/07/millions-of-people-spied-on-by-malicious-browser-extensions-in-chrome-and-edge
hlbdhflagoegglpdminhlpenkdgloabe,,,hxxps://palant[.]info/2023/06/08/another-cluster-of-potentially-malicious-chrome-extensions/
hncokbmdmbmmlkjhoagcpokehopdikhc, Star Wars Wallpaper HD Custom New Tab,,hxxps://adguard[.]com/en/blog/fake-ad-blockers-part-3[.]html
hnfabcchmopgohnhkcojhocneefbnffg,,,hxxps://palant[.]info/2023/06/08/another-cluster-of-potentially-malicious-chrome-extensions/
hnhpnbajfmmopedidmiablkcdnlegkmd, Sports Cars - Super Cars Wallpaper HD New Tab,,hxxps://adguard[.]com/en/blog/fake-ad-blockers-part-3[.]html
homdfmaeflodjknffbnhagmlhmgmbjac, Unicorns Wallpaper HD Custom New Tab,,hxxps://adguard[.]com/en/blog/fake-ad-blockers-part-3[.]html
hpdpddnfjaacnbcnoohlcipfafkbmdja,Map Search for Chromeª,hxxps://thesqout[.]com,hxxps://docs[.]google[.]com/spreadsheets/d/1LN7MQ_9W5QHIyZjjqXK7JnSiCLlcF4aBRhmZKon-p4U/edit?gid=0#gid=17
iabflonngmpkalkpbjonemaamlgdghea,,,hxxps://palant[.]info/2023/06/08/another-cluster-of-potentially-malicious-chrome-extensions/
ibppednjgooiepmkgdcoppnmbhmieefh,,,hxxps://palant[.]info/2023/06/08/another-cluster-of-potentially-malicious-chrome-extensions/
iccagibmclklcmiejfddepgffgkhnnib, Dragon Ball Z Wallpaper HD Custom New Tab,,hxxps://adguard[.]com/en/blog/fake-ad-blockers-part-3[.]html
icchadngbpkcegnabnabhkjkfkfflmpj,,,hxxps://palant[.]info/2023/06/08/another-cluster-of-potentially-malicious-chrome-extensions/
iclckldkfemlnecocpphinnplnmijkol,SQLite browser,hxxps://sqlitebrowser[.]app,hxxps://layerxsecurity[.]com/blog/layerx-reveals-40malicious-browser-extensions/
icnekagcncdgpdnpoecofjinkplbnocm,,,hxxps://palant[.]info/2023/05/31/more-malicious-extensions-in-chrome-web-store/
idgncaddojiejegdmkofblgplkgmeipk,,,hxxps://palant[.]info/2023/05/31/more-malicious-extensions-in-chrome-web-store/
idkllmolbaiailjfidkjcidapkddidbg, Marble Wallpaper HD Custom New Tab,,hxxps://adguard[.]com/en/blog/fake-ad-blockers-part-3[.]html
ielooaepfhfcnmihgnabkldnpddnnldl,,,hxxps://palant[.]info/2023/06/08/another-cluster-of-potentially-malicious-chrome-extensions/
ifbffcgakkboaffkidggpcjolehhhbfd, Naruto Wallpaper HD Custom New Tab,,hxxps://adguard[.]com/en/blog/fake-ad-blockers-part-3[.]html
ifdebecchhapkfdbcbhpmjonmbpfpnck, Roblox Wallpaper HD Custom New Tab,,hxxps://adguard[.]com/en/blog/fake-ad-blockers-part-3[.]html
ifdepgnnjpnbkcgempionjablajancjc,,,hxxps://palant[.]info/2023/06/08/another-cluster-of-potentially-malicious-chrome-extensions/
igbcfkjflkgamnoikcpiljglnmjnkjac, Bts Wallpaper HD Custom New Tab,,hxxps://adguard[.]com/en/blog/fake-ad-blockers-part-3[.]html
igkkmokkmlbkkgdnkkancbonkbbmkioc,,,hxxps://palant[.]info/2023/06/08/another-cluster-of-potentially-malicious-chrome-extensions/#c000005
ihbiedpeaicgipncdnnkikeehnjiddck,Weathe,,hxxps://www[.]malwarebytes[.]com/blog/news/2025/07/millions-of-people-spied-on-by-malicious-browser-extensions-in-chrome-and-edge
ihdnbohcfnegemgomjcpckmpnkdgopon,AI Sentence Rewriter,hxxps://ai-sentence-rewriter[.]com,hxxps://layerxsecurity[.]com/blog/layerx-reveals-40malicious-browser-extensions/
iiblgogamkmdfojoclpdhainbndfpcci, Motivational Quotes Wallpaper HD New Tab,,hxxps://adguard[.]com/en/blog/fake-ad-blockers-part-3[.]html
iibnodnghffmdcebaglfgnfkgemcbchf,Invisible Mode for Instagram Direct Message,,hxxps://press[.]avast[.]com/third-party-browser-extensions-from-instagram-facebook-vimeo-and-others-infected-with-malware
iicpikopjmmincpjkckdngpkmlcchold,,,hxxps://palant[.]info/2023/05/31/more-malicious-extensions-in-chrome-web-store/
iiegilogjnagependdonbfcmfmmaamon,Productive Search for Chromeª,hxxps://securybrowse[.]com,hxxps://docs[.]google[.]com/spreadsheets/d/1LN7MQ_9W5QHIyZjjqXK7JnSiCLlcF4aBRhmZKon-p4U/edit?gid=0#gid=51
ijejnggjjphlenbhmjhhgcdpehhacaal,,,hxxps://palant[.]info/2023/06/08/another-cluster-of-potentially-malicious-chrome-extensions/
iklgljbighkgbjoecoddejooldolenbj,,,hxxps://palant[.]info/2023/06/08/another-cluster-of-potentially-malicious-chrome-extensions/
ikojddbdekpboemgplhbloojlncbpmdd,Dark theme suite,,hxxps://www[.]reddit[.]com/r/chrome/comments/hbpi7z/found_a_extension_that_contains_malware/
ilgbcnkedmncjlhpfconadpjnhlflejf,Check My Permissions for Chrome,hxxps://securysearch[.]com,hxxps://docs[.]google[.]com/spreadsheets/d/1LN7MQ_9W5QHIyZjjqXK7JnSiCLlcF4aBRhmZKon-p4U/edit?gid=0#gid=13
imopknpgdihifjkjpmjaagcagkefddnb,,,hxxps://palant[.]info/2023/06/08/another-cluster-of-potentially-malicious-chrome-extensions/
inhcgfpbfdjbjogdfjbclgolkmhnooop,"AI Sidebar with Deepseek, ChatGPT, Claude",,hxxps://canaltech[.]com.br/seguranca/extensoes-populares-do-chrome-sao-pegas-roubando-conversas-do-chatgpt/
inkankpmoblmficechfgfinajifbfkdn, Fortnite Season 7 Wallpaper HD Custom New Tab,,hxxps://adguard[.]com/en/blog/fake-ad-blockers-part-3[.]html
ioejcipbmdjinhfciojiacdjolkabkmn, Lamborghini Wallpaper HD Custom New Tab,,hxxps://adguard[.]com/en/blog/fake-ad-blockers-part-3[.]html
iojhbljpppeociniiemjfelmdcgikmep, BTS Members Themes NewTab,,hxxps://adguard[.]com/en/blog/fake-ad-blockers-part-3[.]html
ionpbgeeliajehajombdeflogfpgmmel,,,hxxps://palant[.]info/2023/06/08/another-cluster-of-potentially-malicious-chrome-extensions/
ipgnnndhgeaclopjgiihppbbfnmkmjcm, Neon Genesis Evangelion NewTab,,hxxps://adguard[.]com/en/blog/fake-ad-blockers-part-3[.]html
jaekigmcljkkalnicnjoafgfjoefkpeg,,,hxxps://palant[.]info/2023/06/08/another-cluster-of-potentially-malicious-chrome-extensions/
jchmabokofdoabocpiicjljelmackhho,,,hxxps://palant[.]info/2023/06/08/another-cluster-of-potentially-malicious-chrome-extensions/
jckaglinbbflgcklfgacjdmgpnccmdng, Horse Backgrounds HD,,hxxps://adguard[.]com/en/blog/fake-ad-blockers-part-3[.]html
jdlkkmamiaikhfampledjnhhkbeifokk,,,hxxps://palant[.]info/2023/06/08/another-cluster-of-potentially-malicious-chrome-extensions/
jeahgicmhigopdgilnmclihdjjlhnmop,Total Safety for Chromeª,hxxps://wiseghostapp[.]com,hxxps://docs[.]google[.]com/spreadsheets/d/1LN7MQ_9W5QHIyZjjqXK7JnSiCLlcF4aBRhmZKon-p4U/edit?gid=0#gid=24
jfocahgaekfaemhfcfefcodphgpinnch, Fortnite Omega Wallpaper HD Custom New Tab,,hxxps://adguard[.]com/en/blog/fake-ad-blockers-part-3[.]html
jgajjllfidghjkjfipmjbaegafkdpfha,MultiSearch for Chromeª,hxxps://thesqout[.]com,hxxps://docs[.]google[.]com/spreadsheets/d/1LN7MQ_9W5QHIyZjjqXK7JnSiCLlcF4aBRhmZKon-p4U/edit?gid=0#gid=15
jgbkgjepkeklblmlhnpjmnbinmifjenc, Forntine Skin Wallpaper HD Custom New Tab,,hxxps://adguard[.]com/en/blog/fake-ad-blockers-part-3[.]html
jglemppahimembneahjbkhjknnefeeio,,,hxxps://palant[.]info/2023/06/08/another-cluster-of-potentially-malicious-chrome-extensions/
jhcfnojahmdghhebdaoijngclknfkbjn,Green Messenger,,hxxps://www[.]bleepingcomputer[.]com/news/security/facebook-sues-makers-of-malicious-chrome-extensions-for-scraping-data/
jhigofkbdbndeooldpdhmphldaglejlh,Protecto for Chromeª,hxxps://goprotecto[.]com,hxxps://docs[.]google[.]com/spreadsheets/d/1LN7MQ_9W5QHIyZjjqXK7JnSiCLlcF4aBRhmZKon-p4U/edit?gid=0#gid=5
jhkhlgaomejplkanglolfpcmfknnomle,,,hxxps://palant[.]info/2023/06/05/introducing-pcvark-and-their-malicious-ad-blockers/
jiaopkfkampgnnkckajcbdgannoipcne,,,hxxps://palant[.]info/2023/06/08/another-cluster-of-potentially-malicious-chrome-extensions/
jjdajogomggcjifnjgkpghcijgkbcjdi,Unlock TikTok,,hxxps://www[.]malwarebytes[.]com/blog/news/2025/07/millions-of-people-spied-on-by-malicious-browser-extensions-in-chrome-and-edge
jjgnkfncaadmaobenjjpmngdpgalemho,,,hxxps://palant[.]info/2023/06/08/another-cluster-of-potentially-malicious-chrome-extensions/
jjnfhbcilcppomkcmkbbmcadoihkkgah,Browser WatchDog for Chrome,hxxps://browserdog[.]com/,hxxps://docs[.]google[.]com/spreadsheets/d/1LN7MQ_9W5QHIyZjjqXK7JnSiCLlcF4aBRhmZKon-p4U/edit?gid=0#gid=26
jkkmcoihchcflfjnigngdegbemipdlnl,Fix-case,,hxxps://blog[.]radware[.]com/security/2018/05/nigelthorn-malware-abuses-chrome-extensions/
jlbebokeclkofhchdepbojfhmocdlhfl, Marble Wallpaper HD Custom New Tab,,hxxps://adguard[.]com/en/blog/fake-ad-blockers-part-3[.]html
jlbhkoohfmnikpalgglhpadlbeiobkaa, Sports Cars - Super Cars Wallpaper HD New Tab,,hxxps://adguard[.]com/en/blog/fake-ad-blockers-part-3[.]html
jlbpahgopcmomkgegpbmopfodolajhbl,,,hxxps://palant[.]info/2023/06/08/another-cluster-of-potentially-malicious-chrome-extensions/
jlkfgpiicpnlbmmmpkpdjkkdolgomhmb,Upload photo to Instagram,,hxxps://press[.]avast[.]com/third-party-browser-extensions-from-instagram-facebook-vimeo-and-others-infected-with-malware
jmlbnlcodmikhdpbjjdemgaebjgmpooa, Hetalia Backgrounds HD Tab,,hxxps://adguard[.]com/en/blog/fake-ad-blockers-part-3[.]html
jmpcodajbcpgkebjipbmjdoboehfiddd,DeepSeek AI Chat,hxxps://ai-chat-bot[.]pro,hxxps://layerxsecurity[.]com/blog/layerx-reveals-40malicious-browser-extensions/
jnmckphflgdpioinbjaeckdajkbgcfgg, Minecraft Wallpaper HD Custom New Tab,,hxxps://adguard[.]com/en/blog/fake-ad-blockers-part-3[.]html
jpefmbpcbebpjpmelobfakahfdcgcmkl,,,hxxps://palant[.]info/2023/06/08/another-cluster-of-potentially-malicious-chrome-extensions/
kacljcbejojnapnmiifgckbafkojcncf,,,hxxps://palant[.]info/2023/06/05/introducing-pcvark-and-their-malicious-ad-blockers/
kajjcgpohlkdcjfkcbkkbhapafcblaom,PwnerLike,,hxxps://blog[.]radware[.]com/security/2018/05/nigelthorn-malware-abuses-chrome-extensions/
kcjahchbheejjpdpohgfkaoknhcdjjnh, Santa Claus Wallpapers & Santa Claus Games,,hxxps://adguard[.]com/en/blog/fake-ad-blockers-part-3[.]html
kdihodbgfndblemlklkllhfjhiidbgih, Fortnite Wallpaper HD Custom New Tab,,hxxps://adguard[.]com/en/blog/fake-ad-blockers-part-3[.]html
kefmhdhaebhmdeaabcgoaegmgodncebc, Just Cause 4 Themes New Tab Avalanche,,hxxps://adguard[.]com/en/blog/fake-ad-blockers-part-3[.]html
kekdpkbijjffmohdaonbpeeaiknhbkhj,,,hxxps://palant[.]info/2023/06/14/why-browser-extension-games-need-access-to-all-websites/
kelbkhobcfhdcfhohdkjnaimmicmhcbo,PanelMeasurement,,hxxps://securitywithsam[.]com/2019/07/dataspii-leak-via-browser-extensions/
kgddnoifhgfdhcpbkkjdgokfnkkmdcen,,,hxxps://palant[.]info/2023/06/05/introducing-pcvark-and-their-malicious-ad-blockers/
kgfeiebnfmmfpomhochmlfmdmjmfedfj,,,hxxps://palant[.]info/2023/06/14/why-browser-extension-games-need-access-to-all-websites/
kgmeffmlnkfnjpgmdndccklfigfhajen,Emoji keyboard online,,hxxps://www[.]malwarebytes[.]com/blog/news/2025/07/millions-of-people-spied-on-by-malicious-browser-extensions-in-chrome-and-edge
khdnaopfklkdcloiinccnaflffmfcioa,,,hxxps://palant[.]info/2023/06/08/another-cluster-of-potentially-malicious-chrome-extensions/
kicmnilchjfefpceoaiopdpbpkicgjjm, Galaxy Wallpaper HD Custom New Tab,,hxxps://adguard[.]com/en/blog/fake-ad-blockers-part-3[.]html
kiecdaoopedhfgapicmpebbhodepnbbp,Choose Your Chrome Tools,hxxps://thesqout[.]com,hxxps://docs[.]google[.]com/spreadsheets/d/1LN7MQ_9W5QHIyZjjqXK7JnSiCLlcF4aBRhmZKon-p4U/edit?gid=0#gid=35
kigiheamdfmilbhkfdploghfnndcgkko, Pokemon Wallpaper HD Custom New Tab,,hxxps://adguard[.]com/en/blog/fake-ad-blockers-part-3[.]html
kjeffohcijbnlkgoaibmdcfconakaajm,,,hxxps://palant[.]info/2023/05/31/more-malicious-extensions-in-chrome-web-store/
kjgceeikbnmddoaggelkkpljdabhghkc, Pokemon Backgrounds HD,,hxxps://adguard[.]com/en/blog/fake-ad-blockers-part-3[.]html
kjgkmceledmpdnmgmppiekdbnamccdjp,,,hxxps://palant[.]info/2023/06/08/another-cluster-of-potentially-malicious-chrome-extensions/
kjhjnbdjonamibpaalanflmidplhiehe,Twin Web,hxxps://twin-web[.]world,hxxps://layerxsecurity[.]com/blog/layerx-reveals-40malicious-browser-extensions/
kkeojhapoadcdlmkjlakdbhfkldbbmgi, Hypebeast Wallpapers HD New Tab,,hxxps://adguard[.]com/en/blog/fake-ad-blockers-part-3[.]html
kkgmdjjpobmenpkhcclceelekpbnnana,Web Watch,hxxps://webwatch[.]world,hxxps://layerxsecurity[.]com/blog/layerx-reveals-40malicious-browser-extensions/
klbibkeccnjlkjkiokjodocebajanakg,The Great Suspender,,hxxps://www[.]xda-developers[.]com/google-chrome-the-great-suspender-malware/
klblfmpeelmpnadjahhdakiomhaepogb, Photography Wallpaper HD Custom New Tab,,hxxps://adguard[.]com/en/blog/fake-ad-blockers-part-3[.]html
kldgaejigkhpgmfglbamggiglngkifck,News Search for Chromeª,hxxps://thesqout[.]com,hxxps://docs[.]google[.]com/spreadsheets/d/1LN7MQ_9W5QHIyZjjqXK7JnSiCLlcF4aBRhmZKon-p4U/edit?gid=0#gid=32
klejifgmmnkgejbhgmpgajemhlnijlib,Zoomer for Instagram and FaceBook,,hxxps://press[.]avast[.]com/third-party-browser-extensions-from-instagram-facebook-vimeo-and-others-infected-with-malware
klmjcelobglnhnbfpmlbgnoeippfhhil,Stylebot,,hxxps://habr[.]com/en/company/yandex/blog/534586/
kmfiklhdkhidbmofjbgmpeaogglkndpe, Super Junior Wallpapers & Super Junior Games,,hxxps://adguard[.]com/en/blog/fake-ad-blockers-part-3[.]html
knacgnmpceaffedmgegknkfcnejjhdpp, Logan (Wolverine) Wallpaper HD Custom New Tab,,hxxps://adguard[.]com/en/blog/fake-ad-blockers-part-3[.]html
koolcjajfdkjjfklmidahmcjhcmmkhma,Securify for Chromeª,hxxps://mysecurify[.]com,hxxps://docs[.]google[.]com/spreadsheets/d/1LN7MQ_9W5QHIyZjjqXK7JnSiCLlcF4aBRhmZKon-p4U/edit?gid=0#gid=30
kpilmncnoafddjpnbhepaiilgkdcieaf,SearchGPT,,hxxps://www[.]malwarebytes[.]com/blog/news/2025/07/millions-of-people-spied-on-by-malicious-browser-extensions-in-chrome-and-edge
kppjffaccdlhfeleafnohmfkgimdjmgg, Darling In The Franxx New Tab HD,,hxxps://adguard[.]com/en/blog/fake-ad-blockers-part-3[.]html
laameccjpleogmfhilmffpdbiibgbekf,,,hxxps://palant[.]info/2023/06/08/another-cluster-of-potentially-malicious-chrome-extensions/
lagdcjmbchphhndlbpfajelapcodekll,,,hxxps://palant[.]info/2023/06/08/another-cluster-of-potentially-malicious-chrome-extensions/
lbbegfjhlhpikmhbdcfcoadegdldmaen, Snow Man Wallpapers & Snow Man Games,,hxxps://adguard[.]com/en/blog/fake-ad-blockers-part-3[.]html
lbjgbekokephmmfllmpglefmoaihklpn, Made In Abyss Wallpaper HD Custom New Tab,,hxxps://adguard[.]com/en/blog/fake-ad-blockers-part-3[.]html
lblnngjkgcpplmddebmefokmccpflhip, Athletes Motivational Quotes Backgrounds,,hxxps://adguard[.]com/en/blog/fake-ad-blockers-part-3[.]html
lbohagbplppjcpllnhdichjldhfgkicb,,,hxxps://palant[.]info/2023/06/08/another-cluster-of-potentially-malicious-chrome-extensions/
lcdabcbanafchdlcbdjgngcplnkijala, Naruto Wallpaper HD Custom New Tab,,hxxps://adguard[.]com/en/blog/fake-ad-blockers-part-3[.]html
lcgjhoonomcmjpbnijfohbdhhjmhjlal, Minecraft Wallpaper HD Custom New Tab,,hxxps://adguard[.]com/en/blog/fake-ad-blockers-part-3[.]html
ldanhaibkdifncinbpjdjpambmofmpkf,Advanced Search for Chromeª,hxxps://securybrowse[.]com,hxxps://docs[.]google[.]com/spreadsheets/d/1LN7MQ_9W5QHIyZjjqXK7JnSiCLlcF4aBRhmZKon-p4U/edit?gid=0#gid=56
ldbfffpdfgghehkkckifnjhoncdgjkib,Stylebot,,hxxps://habr[.]com/en/company/yandex/blog/534586/
ldkienofjncecbbnmhpngiiidekfcdoe, Bulldogs Themes,,hxxps://adguard[.]com/en/blog/fake-ad-blockers-part-3[.]html
ledkggjjapdgojgihnaploncccgiadhg,,,hxxps://palant[.]info/2023/06/08/another-cluster-of-potentially-malicious-chrome-extensions/
lemhpidjofhodofghkakoglahdafpcbe, Harry Potter Wallpaper HD Custom New Tab,,hxxps://adguard[.]com/en/blog/fake-ad-blockers-part-3[.]html
lfedlgnabjompjngkpddclhgcmeklana,SaveFrom[.]net helper,,hxxps://habr[.]com/en/company/yandex/blog/534586/
lfmdddfdacgdimongmjclgijepoknmjm,Recipe Search for Chromeª,hxxps://thesqout[.]com,hxxps://docs[.]google[.]com/spreadsheets/d/1LN7MQ_9W5QHIyZjjqXK7JnSiCLlcF4aBRhmZKon-p4U/edit?gid=0#gid=46
lgecddhfcfhlmllljooldkbbijdcnlpe,,,hxxps://palant[.]info/2023/06/08/another-cluster-of-potentially-malicious-chrome-extensions/
lgekbdjboenacbkiabfkkcpjgacmjcdg, Pokemon Go Wallpaper HD Custom New Tab,,hxxps://adguard[.]com/en/blog/fake-ad-blockers-part-3[.]html
lggmpibegkcnfogpophgnchognofcdgo, Neon wolf Backgrounds HD,,hxxps://adguard[.]com/en/blog/fake-ad-blockers-part-3[.]html
lgjdgmdbfhobkdbcjnpnlmhnplnidkkp,,,hxxps://palant[.]info/2023/05/31/more-malicious-extensions-in-chrome-web-store/
lgjogljbnbfjcaigalbhiagkboajmkkj,FORBES,,hxxps://decoded[.]avast[.]io/janvojtesek/backdoored-browser-extensions-hid-malicious-traffic-in-analytics-requests/
lipmdblppejomolopniipdjlpfjcojob,,,hxxps://palant[.]info/2023/05/31/more-malicious-extensions-in-chrome-web-store/
ljppknljdefmnkckkdjaokhlncbiehgo, Roblox Wallpaper HD Custom New Tab,,hxxps://adguard[.]com/en/blog/fake-ad-blockers-part-3[.]html
lkahpjghmdhpiojknppmlenngmpkkfma,,,hxxps://palant[.]info/2023/06/08/another-cluster-of-potentially-malicious-chrome-extensions/
lkbfbidpkbeicafnnhlaockggaknjolf,SecurySearch for Chrome,hxxps://securysearch[.]com,hxxps://docs[.]google[.]com/spreadsheets/d/1LN7MQ_9W5QHIyZjjqXK7JnSiCLlcF4aBRhmZKon-p4U/edit?gid=0#gid=48
lkciiknpgglgbbcgcpbpobjabglmpkle,,,hxxps://palant[.]info/2023/06/08/another-cluster-of-potentially-malicious-chrome-extensions/
lkdahidfbdadmblpkopllegopldfbhge, Space Wallpaper HD Custom New Tab,,hxxps://adguard[.]com/en/blog/fake-ad-blockers-part-3[.]html
lkhhagecaghfakddbncibijbjmgfhfdm,,,hxxps://palant[.]info/2023/06/08/another-cluster-of-potentially-malicious-chrome-extensions/
lklmhefoneonjalpjcnhaidnodopinib,,,hxxps://palant[.]info/2023/05/31/more-malicious-extensions-in-chrome-web-store/
lknpbgnookklokdjomiildnlalffjmma,,,hxxps://palant[.]info/2023/06/08/another-cluster-of-potentially-malicious-chrome-extensions/
lljnhidbljbfkejjcfogkhgmgdihjmlf,Watch Tower Overview,hxxps://thesqout[.]com,hxxps://docs[.]google[.]com/spreadsheets/d/1LN7MQ_9W5QHIyZjjqXK7JnSiCLlcF4aBRhmZKon-p4U/edit?gid=0#gid=18
llngndcpphncgeledehpklbeheadnoan, 3D Wallpaper HD Custom New Tab,,hxxps://adguard[.]com/en/blog/fake-ad-blockers-part-3[.]html
lmcajpniijhhhpcnhleibgiehhicjlnk,The New York Times News,,hxxps://press[.]avast[.]com/third-party-browser-extensions-from-instagram-facebook-vimeo-and-others-infected-with-malware
lmcboojgmmaafdmgacncdpjnpnnhpmei,,,hxxps://palant[.]info/2023/05/31/more-malicious-extensions-in-chrome-web-store/
lmmdoemglmnjenhfcjkhgpkgiedcejmn, Bangtan Boys Wallpaper HD Custom New Tab,,hxxps://adguard[.]com/en/blog/fake-ad-blockers-part-3[.]html
lnedcnepmplnjmfdiclhbfhneconamoj,Web Privacy Assistant,hxxps://mysecurify[.]com,hxxps://docs[.]google[.]com/spreadsheets/d/1LN7MQ_9W5QHIyZjjqXK7JnSiCLlcF4aBRhmZKon-p4U/edit?gid=0#gid=8
lniooknjghghdjoehegcoinmbhdbhcck, Superheroes Wallpaper HD Custom New Tab,,hxxps://adguard[.]com/en/blog/fake-ad-blockers-part-3[.]html
lnocaphbapmclliacmbbggnfnjojbjgf,Direct Message for Instagram,,hxxps://press[.]avast[.]com/third-party-browser-extensions-from-instagram-facebook-vimeo-and-others-infected-with-malware
lodeighbngipjjedfelnboplhgediclp,Header Value,,hxxps://www[.]malwarebytes[.]com/blog/news/2025/07/millions-of-people-spied-on-by-malicious-browser-extensions-in-chrome-and-edge
lojpdfjjionbhgplcangflkalmiadhfi,,,hxxps://palant[.]info/2023/06/08/another-cluster-of-potentially-malicious-chrome-extensions/
lopnbnfpjmgpbppclhclehhgafnifija,,,hxxps://palant[.]info/2023/06/08/another-cluster-of-potentially-malicious-chrome-extensions/#c000006
lpjhpdcflkecpciaehfbpafflkeomcnb,Panel Community Surveys,,hxxps://securitywithsam[.]com/2019/07/dataspii-leak-via-browser-extensions/
mabdjppmcjpjploliggpbonahnjjlgkf,Microsoft Authenticator,,hxxps://www[.]ghacks[.]net/2021/05/18/dont-download-this-microsoft-authenticator-extension-for-chrome-it-is-fake/
magnkhldhhgdlhikeighmhlhonpmlolk,,,hxxps://palant[.]info/2023/05/31/more-malicious-extensions-in-chrome-web-store/
makliapgjjpdkkaikobcmdhkfbfcoafk, 3D Wallpaper HD Custom New Tab,,hxxps://adguard[.]com/en/blog/fake-ad-blockers-part-3[.]html
maohnjppabopdhfkholcdkpehdojnpoc, Aquarium Live Wallpaper HD Custom New Tab,,hxxps://adguard[.]com/en/blog/fake-ad-blockers-part-3[.]html
mbacbcfdfaapbcnlnbmciiaakomhkbkb,friGate CDN,,hxxps://habr[.]com/en/company/yandex/blog/534586/
mcadalidfbmnponoamfdjlahdeheommb, Roblox And Minecraft Wallpaper HD New Tab,,hxxps://adguard[.]com/en/blog/fake-ad-blockers-part-3[.]html
mcafdholbcjhepgnpfdogaiagjmlfcon, Sword Art Online Wallpaper HD Custom New Tab,,hxxps://adguard[.]com/en/blog/fake-ad-blockers-part-3[.]html
mcmdolplhpeopapnlpbjceoofpgmkahc,,,hxxps://palant[.]info/2023/05/31/more-malicious-extensions-in-chrome-web-store/
mcmmiinopedfbaoongoclagidncaacbd,,,hxxps://palant[.]info/2023/06/14/why-browser-extension-games-need-access-to-all-websites/
mdenajpfccjjjnbochgkdahmnipfpelc,Privacy Guard for Chromeª,hxxps://wiseghostapp[.]com,hxxps://docs[.]google[.]com/spreadsheets/d/1LN7MQ_9W5QHIyZjjqXK7JnSiCLlcF4aBRhmZKon-p4U/edit?gid=0#gid=21
mdkiofbiinbmlblcfhfjgmclhdfikkpm,,,hxxps://palant[.]info/2023/06/08/another-cluster-of-potentially-malicious-chrome-extensions/
mdnmhbnbebabimcjggckeoibchhckemm,frigate-light,,hxxps://habr[.]com/en/company/yandex/blog/534586/
mdpgppkombninhkfhaggckdmencplhmg,Direct Message for Instagram,,hxxps://press[.]avast[.]com/third-party-browser-extensions-from-instagram-facebook-vimeo-and-others-infected-with-malware
meffljleomgifbbcffejnmhjagncfpbd,,,hxxps://palant[.]info/2023/06/08/another-cluster-of-potentially-malicious-chrome-extensions/
meioomnaphfjchjidcfnbadkbaaoanok, Bears Wallpaper HD Custom New Tab,,hxxps://adguard[.]com/en/blog/fake-ad-blockers-part-3[.]html
mejjgaogggabifjfjdbnobinfibaamla,,,hxxps://palant[.]info/2023/06/08/another-cluster-of-potentially-malicious-chrome-extensions/
meljmedplehjlnnaempfdoecookjenph,,,hxxps://palant[.]info/2023/05/31/more-malicious-extensions-in-chrome-web-store/
mgbhdehiapbjamfgekfpebmhmnmcmemg,Volume Max,,hxxps://www[.]malwarebytes[.]com/blog/news/2025/07/millions-of-people-spied-on-by-malicious-browser-extensions-in-chrome-and-edge
mhpcabliilgadobjpkameggapnpeppdg,,,hxxps://palant[.]info/2023/06/08/another-cluster-of-potentially-malicious-chrome-extensions/
mipophmjfhpecleajkijfifmffcjdiac,Crypto Whales Vision,hxxps://cryptowhalesvision[.]world,hxxps://layerxsecurity[.]com/blog/layerx-reveals-40malicious-browser-extensions/
mjbmelinkhpkmbjnocdklkjpiilpikba, Fortnite Wallpaper HD Custom New Tab,,hxxps://adguard[.]com/en/blog/fake-ad-blockers-part-3[.]html
mkghdamdheccacmkmnchkaoljoflpoek, Black Clover Wallpaper HD Custom New Tab,,hxxps://adguard[.]com/en/blog/fake-ad-blockers-part-3[.]html
mkjcnnfcmmniieaidfadidepdgfppfdj, Star Wars Wallpaper HD Custom New Tab,,hxxps://adguard[.]com/en/blog/fake-ad-blockers-part-3[.]html
mkjjckchdfhjbpckippbnipkdnlidbeb,,,hxxps://palant[.]info/2023/06/08/another-cluster-of-potentially-malicious-chrome-extensions/
mldaiedoebimcgkokmknonjefkionldi,,,hxxps://palant[.]info/2023/06/08/another-cluster-of-potentially-malicious-chrome-extensions/
mldeggofnfaiinachdeidpecmflffoam,AI Writer,hxxps://aiwriter[.]expert,hxxps://layerxsecurity[.]com/blog/layerx-reveals-40malicious-browser-extensions/
mlgbkfnjdmaoldgagamcnommbbnhfnhf,Unlock Discord,,hxxps://www[.]malwarebytes[.]com/blog/news/2025/07/millions-of-people-spied-on-by-malicious-browser-extensions-in-chrome-and-edge
mlkjjjmhjijlmafgjlpkiobpdocdbncj,,,hxxps://palant[.]info/2023/06/08/another-cluster-of-potentially-malicious-chrome-extensions/
mllkmmdaapekjehapekhjjiednchgmag,Web Metrics Ð Website Traffic & SEO Checker,hxxps://web-metrics[.]link,hxxps://layerxsecurity[.]com/blog/layerx-reveals-40malicious-browser-extensions/
mmcnmppeeghenglmidpmjkaiamcacmgm,Volume Booster,,hxxps://www[.]malwarebytes[.]com/blog/news/2025/07/millions-of-people-spied-on-by-malicious-browser-extensions-in-chrome-and-edge
mmhaojkmpbmgbkojlagnhmjlfmnaglla, Doctor Who Wallpaper HD Custom New Tab,,hxxps://adguard[.]com/en/blog/fake-ad-blockers-part-3[.]html
mmlhchoolkdnmnddgmoohigffekjnofo, Namjin Bts Wallpaper HD Custom New Tab,,hxxps://adguard[.]com/en/blog/fake-ad-blockers-part-3[.]html
mmmapklofkmbcahafjmiogdbmpagimlp, Hypebeast Dope Supreme Wallpaper HD New Tab,,hxxps://adguard[.]com/en/blog/fake-ad-blockers-part-3[.]html
mnafnfdagggclnaggnjajohakfbppaih,Odnoklassniki UnBlock[.]  Works quickly[.],,hxxps://press[.]avast[.]com/third-party-browser-extensions-from-instagram-facebook-vimeo-and-others-infected-with-malware
mndiaaeaiclnmjcnacogaacoejchdclp,,,hxxps://palant[.]info/2023/06/08/another-cluster-of-potentially-malicious-chrome-extensions/
mngcfgonjbdbdbifcbhmdiddloganbcc, Fireplace Live Wallpaper HD Custom New Tab,,hxxps://adguard[.]com/en/blog/fake-ad-blockers-part-3[.]html
mnlohknjofogcljbcknkakphddjpijak,,,hxxps://palant[.]info/2023/06/08/another-cluster-of-potentially-malicious-chrome-extensions/
mnnpffgmgkbdllleeihdgfgleomdhacm, Satsuriku No Tenshi Wallpaper HD New Tab,,hxxps://adguard[.]com/en/blog/fake-ad-blockers-part-3[.]html
moalaminambcgbljenplldelnhnaikke, Rocket League Wallpaper HD Custom New Tab,,hxxps://adguard[.]com/en/blog/fake-ad-blockers-part-3[.]html
moljhdcbomchgdffhddpicbokacnbjoj, Moana Wallpaper HD Custom New Tab,,hxxps://adguard[.]com/en/blog/fake-ad-blockers-part-3[.]html
mpdpjfobafahmgicjmpnfklbphhlacel, Alfa Romeo Wallpaper HD Custom New Tab,,hxxps://adguard[.]com/en/blog/fake-ad-blockers-part-3[.]html
mpfleoaldoclbjhfkgbmnelkkbolbegl, Lion Wallpaper HD Custom New Tab,,hxxps://adguard[.]com/en/blog/fake-ad-blockers-part-3[.]html
mpneoicaochhlckfkackiigepakdgapj,Lite Bookmarks,,hxxps://blog[.]gigamon[.]com/2018/01/18/malicious-chrome-extensions-enable-criminals-to-impact-half-a-million-users-and-global-businesses/
nabbdpjneieneepdfnmkdhooellilgho,Website monitoring,hxxps://websitemonitoring[.]pro,hxxps://layerxsecurity[.]com/blog/layerx-reveals-40malicious-browser-extensions/
nadenkhojomjfdcppbhhncbfakfjiabp,,,hxxps://palant[.]info/2023/05/31/more-malicious-extensions-in-chrome-web-store/
nafbodmhgaabbfchodpkmpnibgjmeeei, Super Cars - Sports Cars Wallpaper HD New Tab,,hxxps://adguard[.]com/en/blog/fake-ad-blockers-part-3[.]html
naofchadlleomaipaienfedidkiodamo, Red Dead Redemption Wallpaper HD New Tab,,hxxps://adguard[.]com/en/blog/fake-ad-blockers-part-3[.]html
nbbeiofjfjmnicfhkfbjdggbclmbaioc, League Of Legends (Lol) Wallpaper HD New Tab,,hxxps://adguard[.]com/en/blog/fake-ad-blockers-part-3[.]html
nbblafbmmogmlhejjondcclcgbkdmjln, Dinosaurs Wallpaper HD Custom New Tab,,hxxps://adguard[.]com/en/blog/fake-ad-blockers-part-3[.]html
nbekcbebginchflfegofcjjmojpppnad, Lilo And Stitch Wallpaper HD Custom New Tab,,hxxps://adguard[.]com/en/blog/fake-ad-blockers-part-3[.]html
nbhjdcacphemibgeamjkmeknfeffgngk, Ugandan Knuckles Wallpaper HD Custom New Tab,,hxxps://adguard[.]com/en/blog/fake-ad-blockers-part-3[.]html
nchffcpkbehklpbdodlakgdbnkdcnpbi, Hedgehog Wallpaper HD Custom New Tab,,hxxps://adguard[.]com/en/blog/fake-ad-blockers-part-3[.]html
nckldhnoondmiheikhblobkgcfchcbld, Blade Runner 2049 Wallpaper HD Custom New Tab,,hxxps://adguard[.]com/en/blog/fake-ad-blockers-part-3[.]html
ncnonnloajjbpdpgnelmlbflmbhlilid, Vkook Kim Wallpaper HD Custom New Tab,,hxxps://adguard[.]com/en/blog/fake-ad-blockers-part-3[.]html
ncpjlhellnlcjnjmablbaingipdemidh, Bears Wallpaper HD Custom New Tab,,hxxps://adguard[.]com/en/blog/fake-ad-blockers-part-3[.]html
ndajnaaobjaganokllcgbapngenfbgkc,Fire Shield Extension Protection,hxxps://fireshieldnow[.]com,hxxps://docs[.]google[.]com/spreadsheets/d/1LN7MQ_9W5QHIyZjjqXK7JnSiCLlcF4aBRhmZKon-p4U/edit?gid=0#gid=3
ndchgkeilnpiefnoagcbnlellpcfmjic, Death Note Wallpaper HD Custom New Tab,,hxxps://adguard[.]com/en/blog/fake-ad-blockers-part-3[.]html
ndcokkmfmiaecmndbpohaogmpmchfpkk,,,hxxps://palant[.]info/2023/06/14/why-browser-extension-games-need-access-to-all-websites/
ndcphhjcebhifabfmebineokbfdnbphm,Protected Browsing on Chromeª,hxxps://goprotecto[.]com,hxxps://docs[.]google[.]com/spreadsheets/d/1LN7MQ_9W5QHIyZjjqXK7JnSiCLlcF4aBRhmZKon-p4U/edit?gid=0#gid=42
ndeejbgcbhehjpjmngniokeleedmjmap, Daredevil Wallpaper HD Custom New Tab,,hxxps://adguard[.]com/en/blog/fake-ad-blockers-part-3[.]html
ndihciopmidkbamcfgpdmojcpalolfgo, Gucci Wallpaper HD Custom New Tab,,hxxps://adguard[.]com/en/blog/fake-ad-blockers-part-3[.]html
neafafemicnbclhpojeoiemihogeejhl, Jisung Stray Kids Wallpaper HD Custom New Tab,,hxxps://adguard[.]com/en/blog/fake-ad-blockers-part-3[.]html
nejfdccopmpimplhmmdfjobodgeaoihd,Free VPN Ð Raccoon | Unlimited VPN,hxxps://raccoon-vpn[.]world,hxxps://layerxsecurity[.]com/blog/layerx-reveals-40malicious-browser-extensions/
nekimocmhfdimckbgchifahcgafhnagb, Kill La Kill Wallpaper HD Custom New Tab,,hxxps://adguard[.]com/en/blog/fake-ad-blockers-part-3[.]html
nenaiblmmandfgaiifppcegejpinkebl, One Direction Wallpaper HD Custom New Tab,,hxxps://adguard[.]com/en/blog/fake-ad-blockers-part-3[.]html
neplbnhjlkmpekfcjibdidioejnhejfl, Chicago Bulls Wallpaper HD Custom New Tab,,hxxps://adguard[.]com/en/blog/fake-ad-blockers-part-3[.]html
nepnhilmahdmejhghfbjhhabaioioeel, Ant Man & The Wasp Wallpaper HD New Tab,,hxxps://adguard[.]com/en/blog/fake-ad-blockers-part-3[.]html
nfanjklinojeimbhmfliomdihldjhfpm, Jimin & Jungkook Wallpaper HD Custom New Tab,,hxxps://adguard[.]com/en/blog/fake-ad-blockers-part-3[.]html
nfebelgoldoapjgfkekcmbddpljakakp, Danganronpa V3 Maki Wallpaper HD New Tab,,hxxps://adguard[.]com/en/blog/fake-ad-blockers-part-3[.]html
nfhbpopnbgigkljgmelpfncnghjpdopf, Ad-block for YouTube - Youtube Ad-blocker Pro,,hxxps://adguard[.]com/en/blog/fake-ad-blockers-part-3[.]html
nfpnclghflfcgkgdjcbpoljlafndbomk, Seattle Seahawks Wallpaper HD Custom New Tab,,hxxps://adguard[.]com/en/blog/fake-ad-blockers-part-3[.]html
ngaccohdjpkgnghichikgcpfagnoeeim, Adidas Wallpaper HD Custom New Tab,,hxxps://adguard[.]com/en/blog/fake-ad-blockers-part-3[.]html
ngajighkghnbfnleddljedblnjaggebo, Real Madrid Wallpaper HD Custom New Tab,,hxxps://adguard[.]com/en/blog/fake-ad-blockers-part-3[.]html
ngchnhjdpgpkapghgpncmommhelegfbh, Kpop Nu Est Wallpaper HD Custom New Tab,,hxxps://adguard[.]com/en/blog/fake-ad-blockers-part-3[.]html
ngeofnobniohmdmdkliflkeppfgbjpgn, Satsuriku No Tenshi Wallpaper HD New Tab,,hxxps://adguard[.]com/en/blog/fake-ad-blockers-part-3[.]html
nglggaejaflihehbajhppedepephbfae, Kingdom Hearts 3 Wallpaper HD Custom New Tab,,hxxps://adguard[.]com/en/blog/fake-ad-blockers-part-3[.]html
nhnemamgicdjigoedllaicngcfihkmhf, Voltron Wallpaper HD Custom New Tab,,hxxps://adguard[.]com/en/blog/fake-ad-blockers-part-3[.]html
nhneoegahiihkkgdindfdnobhhhlpfnm, One Piece Anime Wallpaper HD Custom New Tab,,hxxps://adguard[.]com/en/blog/fake-ad-blockers-part-3[.]html
nhnfcgpcbfclhfafjlooihdfghaeinfc,,,hxxps://palant[.]info/2023/06/08/another-cluster-of-potentially-malicious-chrome-extensions/
nilbfjdbacfdodpbdondbbkmoigehodg,Stories for Instagram,,hxxps://press[.]avast[.]com/third-party-browser-extensions-from-instagram-facebook-vimeo-and-others-infected-with-malware
ninecedhhpccjifamhafbdelibdjibgd,,,hxxps://palant[.]info/2023/06/08/another-cluster-of-potentially-malicious-chrome-extensions/
njablodeioakdgahodegclphmnbaphin, Fruits Basket Wallpaper HD Custom New Tab,,hxxps://adguard[.]com/en/blog/fake-ad-blockers-part-3[.]html
njdegihoinoiplfpbcckmjahlnpeipii, Godzilla Wallpaper HD Custom New Tab,,hxxps://adguard[.]com/en/blog/fake-ad-blockers-part-3[.]html
njdkgjbjmdceaibhngelkkloceihelle,,,hxxps://github[.]com/mallorybowes/chrome-mal-ids/blob/master/current-list[.]csv
njfkgeajknkffkngdmjmjninkbgjedlo,Bing Search by Securify,hxxps://mysecurify[.]com,hxxps://docs[.]google[.]com/spreadsheets/d/1LN7MQ_9W5QHIyZjjqXK7JnSiCLlcF4aBRhmZKon-p4U/edit?gid=0#gid=10
njliieipbkencklladfemkkipmfcjiom, Dope Wallpaper HD Custom New Tab,,hxxps://adguard[.]com/en/blog/fake-ad-blockers-part-3[.]html
nklckhbegicdajpehmmpbnpelkdjmdoc, Ikon Wallpaper HD Custom New Tab,,hxxps://adguard[.]com/en/blog/fake-ad-blockers-part-3[.]html
nkmooloiipfcknccapehflmampkaniji,,,hxxps://palant[.]info/2023/06/05/introducing-pcvark-and-their-malicious-ad-blockers/
nkopnpaipcceikcmfcjlacgkjoglodag, Devil May Cry Wallpaper HD Custom New Tab,,hxxps://adguard[.]com/en/blog/fake-ad-blockers-part-3[.]html
nldffbaphciaaophmdnikgkengbmigli, Final Fantasy Wallpaper HD Custom New Tab,,hxxps://adguard[.]com/en/blog/fake-ad-blockers-part-3[.]html
nlmjpeojbncdmlfkpppngdnolhfgiehn,,,hxxps://palant[.]info/2023/06/14/why-browser-extension-games-need-access-to-all-websites/
nmigaijibiabddkkmjhlehchpmgbokfj,Sound Booster,,hxxps://palant[.]info/2023/06/08/another-cluster-of-potentially-malicious-chrome-extensions/
nmkfcjaghjoedelgkomoifnpdejjpcbj, Heart Wallpaper HD Custom New Tab,,hxxps://adguard[.]com/en/blog/fake-ad-blockers-part-3[.]html
nmlmdkblidkckbhidgfgghajlkgjijkp, Hawaii Wallpaper HD Custom New Tab,,hxxps://adguard[.]com/en/blog/fake-ad-blockers-part-3[.]html
nnceiipjfkdobpenbmnajbkdfiklajgl, Puppies Wallpaper HD Custom New Tab,,hxxps://adguard[.]com/en/blog/fake-ad-blockers-part-3[.]html
noiinnecebffnjggilfhailhhgdilbld, One Direction - 1D Wallpaper HD New Tab,,hxxps://adguard[.]com/en/blog/fake-ad-blockers-part-3[.]html
nojmjafalbmmoohpmjphalepmfnmhfao, Vmin Bts Wallpaper HD Custom New Tab,,hxxps://adguard[.]com/en/blog/fake-ad-blockers-part-3[.]html
nonjdcjchghhkdoolnlbekcfllmednbl,Hover Zoom,,hxxps://securitywithsam[.]com/2019/07/dataspii-leak-via-browser-extensions/
npcndkopgafkjggoledlgfblodppnckj, Kill La Kill Wallpaper HD Custom New Tab,,hxxps://adguard[.]com/en/blog/fake-ad-blockers-part-3[.]html
npdkkcjlmhcnnaoobfdjndibfkkhhdfn,,,hxxps://palant[.]info/2023/06/08/another-cluster-of-potentially-malicious-chrome-extensions/
nphiadicgehlpbniemnkhinphngoeaeg, Red Dead Redemption Wallpaper HD New Tab,,hxxps://adguard[.]com/en/blog/fake-ad-blockers-part-3[.]html
npmjjkphdlmbeidbdbfefgedondknlaf,,,hxxps://palant[.]info/2023/06/08/another-cluster-of-potentially-malicious-chrome-extensions/
oaihijkoodmmaibfhojdinffpinmhdji, Attack On Titan Wallpaper HD Custom New Tab,,hxxps://adguard[.]com/en/blog/fake-ad-blockers-part-3[.]html
oakbcaafbicdddpdlhbchhpblmhefngh,,,hxxps://palant[.]info/2023/06/08/another-cluster-of-potentially-malicious-chrome-extensions/
oaljkhbgbedmfoiieocoenglpaeogjmf,Safe Search for Chromeª,hxxps://fireshieldnow[.]com,hxxps://docs[.]google[.]com/spreadsheets/d/1LN7MQ_9W5QHIyZjjqXK7JnSiCLlcF4aBRhmZKon-p4U/edit?gid=0#gid=2
oanbpfkcehelcjjipodkaafialmfejmi,PackageTrak Promotions,,hxxps://duo[.]com/labs/research/crxcavator-malvertising-2020
oanlnaeipdakcmafockfiekhdklfidjb, Chicago Bulls Wallpaper HD Custom New Tab,,hxxps://adguard[.]com/en/blog/fake-ad-blockers-part-3[.]html
oanplobhgngkpkpeihcdojkongpiheci, Destiny 2 Wallpaper HD Custom New Tab,,hxxps://adguard[.]com/en/blog/fake-ad-blockers-part-3[.]html
obahibdkmhmnenkcdpakilchcppihopl, Clash Royale Wallpaper HD Custom New Tab,,hxxps://adguard[.]com/en/blog/fake-ad-blockers-part-3[.]html
obdhcplpbliifflekgclobogbdliddjd,,,hxxps://palant[.]info/2023/06/08/another-cluster-of-potentially-malicious-chrome-extensions/
obeokabcpoilgegepbhlcleanmpgkhcp,,,hxxps://palant[.]info/2023/05/31/more-malicious-extensions-in-chrome-web-store/
obgdpcjbebcaphmigjhogcikejnlbjgl, Deadpool Wallpaper HD Custom New Tab,,hxxps://adguard[.]com/en/blog/fake-ad-blockers-part-3[.]html
ocfpmgbbkjeblbhdehminjdjffhcidbi, Dank Memes Wallpaper HD Custom New Tab,,hxxps://adguard[.]com/en/blog/fake-ad-blockers-part-3[.]html
ocgfhclcahimdhfjgmakmfdnhomofljo, Bts Wallpaper HD Custom New Tab,,hxxps://adguard[.]com/en/blog/fake-ad-blockers-part-3[.]html
ocginjipilabheemhfbedijlhajbcabh,,,hxxps://palant[.]info/2023/06/08/another-cluster-of-potentially-malicious-chrome-extensions/
ocponkhpfikgnggeflddgkfcmhjejedo, Chevrolet Corvette Wallpaper HD New Tab,,hxxps://adguard[.]com/en/blog/fake-ad-blockers-part-3[.]html
odccobbfnngplckpongkahajfjpnbcck,Fire Shield Secure Search,hxxps://fireshieldnow[.]com,hxxps://docs[.]google[.]com/spreadsheets/d/1LN7MQ_9W5QHIyZjjqXK7JnSiCLlcF4aBRhmZKon-p4U/edit?gid=0#gid=0
odhmhkkhpibfjijmpgcdjondompgocog,Similar Net Ð Website Traffic & SEO Checker,hxxps://similar-net[.]com,hxxps://layerxsecurity[.]com/blog/layerx-reveals-40malicious-browser-extensions/
odoenahafpbigcelejhbkkhnjfleanok, Lamborghini Super Cars Wallpaper HD New Tab,,hxxps://adguard[.]com/en/blog/fake-ad-blockers-part-3[.]html
oeefjlikahigmlnplgijgeeecbpemhip,Convert PDF to JPG,hxxps://pdf-to-jpg[.]app,hxxps://layerxsecurity[.]com/blog/layerx-reveals-40malicious-browser-extensions/
oehamnhnpejphgpkgnenefolepinadjj, Fortnite Drift Wallpaper HD Custom New Tab,,hxxps://adguard[.]com/en/blog/fake-ad-blockers-part-3[.]html
oejbnchocabaoicconfnbjghebmbfemc, Rocky Paw Mighty Pups Wallpaper HD New Tab,,hxxps://adguard[.]com/en/blog/fake-ad-blockers-part-3[.]html
oejmcobpfiiladgbfpknibppfnekbolo, Yeezy Wallpaper HD Custom New Tab,,hxxps://adguard[.]com/en/blog/fake-ad-blockers-part-3[.]html
oemkcngaaomgokaclafmkcgcpbfelmnb, Wild Animals 3D Neon Wallpaper HD New Tab,,hxxps://adguard[.]com/en/blog/fake-ad-blockers-part-3[.]html
oepjogknopbbibcjcojmedaepolkghpb,,,hxxps://palant[.]info/2023/06/08/another-cluster-of-potentially-malicious-chrome-extensions/
ofbfieekadnmifbaoigkcffobkkjblep, Cherry Blossom Wallpaper HD Custom New Tab,,hxxps://adguard[.]com/en/blog/fake-ad-blockers-part-3[.]html
ofgihclaiecmjbfjnajjimdbjnbiimkk, Audi R8 Wallpaper HD Custom New Tab,,hxxps://adguard[.]com/en/blog/fake-ad-blockers-part-3[.]html
ofkjndegefemablfmefngnpchlhapdmi, Art Wallpaper HD Custom New Tab,,hxxps://adguard[.]com/en/blog/fake-ad-blockers-part-3[.]html
ofockibbbgfclddbpbhhohdldgkomhgm, Custom Super Cars Wallpaper HD Custom New Tab,,hxxps://adguard[.]com/en/blog/fake-ad-blockers-part-3[.]html
ofpnikijgfhlmmjlpkfaifhhdonchhoi,,,hxxps://palant[.]info/2023/06/08/another-cluster-of-potentially-malicious-chrome-extensions/
ogadflejmplcdhcldlloonbiekhnlopp,,,hxxps://palant[.]info/2023/06/08/another-cluster-of-potentially-malicious-chrome-extensions/
ogegpnamjdpcadpldhijjlhkicgbnkjj, Louis Vuitton Wallpaper HD Custom New Tab,,hxxps://adguard[.]com/en/blog/fake-ad-blockers-part-3[.]html
ogfjgagnmkiigilnoiabkbbajinanlbn,,,hxxps://palant[.]info/2023/06/08/another-cluster-of-potentially-malicious-chrome-extensions/
oghbffaoaooigagpockijkpfpgmnibkh,ChatGPT Search for Chromeª,hxxps://aiforchrome[.]com,hxxps://docs[.]google[.]com/spreadsheets/d/1LN7MQ_9W5QHIyZjjqXK7JnSiCLlcF4aBRhmZKon-p4U/edit?gid=0#gid=43
ogiaghccmoklogdlbchapejmjnnlichn, Japan Wallpaper HD Custom New Tab,,hxxps://adguard[.]com/en/blog/fake-ad-blockers-part-3[.]html
ohdgnoepeabcfdkboidmaedenahioohf,,,hxxps://palant[.]info/2023/06/14/why-browser-extension-games-need-access-to-all-websites/
ohhhngpnknpdhmdmpmoccgjmmkkleipn,Meta Spy Ð Free Ad Spy tool for Facebook,hxxps://meta-spy[.]help,hxxps://layerxsecurity[.]com/blog/layerx-reveals-40malicious-browser-extensions/
ohjoklkmollkbcibgddolpmpgaoophfl, One Direction Wallpaper HD Custom New Tab,,hxxps://adguard[.]com/en/blog/fake-ad-blockers-part-3[.]html
ohobkendnpiijpeiaimjbannfcmhaogi, Deathstroke Wallpaper HD Custom New Tab,,hxxps://adguard[.]com/en/blog/fake-ad-blockers-part-3[.]html
ohoingjkmkkoffkdmbpipdncbkhaaefd, Dachshund Wallpaper HD Custom New Tab,,hxxps://adguard[.]com/en/blog/fake-ad-blockers-part-3[.]html
oihecidjnjpjfeefkambkjgebbmpahgn, Dc Comics Shazam Wallpaper HD Custom New Tab,,hxxps://adguard[.]com/en/blog/fake-ad-blockers-part-3[.]html
oilikkahlcnchaipbojfgejapechblbl, Santa Claus Christmas Wallpaper HD New Tab,,hxxps://adguard[.]com/en/blog/fake-ad-blockers-part-3[.]html
ojdkklpgpacpicaobnhankbalkkgaafp,Web Sound Equalizer,,hxxps://www[.]malwarebytes[.]com/blog/news/2025/07/millions-of-people-spied-on-by-malicious-browser-extensions-in-chrome-and-edge
ojfjgkolegfhneacbgcjaoajfgcfoapf, Halloween Wallpaper HD Custom New Tab,,hxxps://adguard[.]com/en/blog/fake-ad-blockers-part-3[.]html
ojhlagjgjbjfgllocdhlpnkbdlcipnmo, Cars,,hxxps://adguard[.]com/en/blog/fake-ad-blockers-part-3[.]html
ojlhcbolfcndnojcjhhjgmdblnojgefm,SecuryBrowse for Chromeª,hxxps://securybrowse[.]com,hxxps://docs[.]google[.]com/spreadsheets/d/1LN7MQ_9W5QHIyZjjqXK7JnSiCLlcF4aBRhmZKon-p4U/edit?gid=0#gid=33
ojmbbkdflpfjdceflikpkbbmmbfagglg,Blue Messenger,,hxxps://www[.]bleepingcomputer[.]com/news/security/facebook-sues-makers-of-malicious-chrome-extensions-for-scraping-data/
ojmpgbcmiimbkmjfgmcneplkneleehcc, God Of War 2018 Wallpaper HD Custom New Tab,,hxxps://adguard[.]com/en/blog/fake-ad-blockers-part-3[.]html
ojnlggfhmoioajgmnelfdpjojaeknjog, The Incredibles 2 Wallpaper HD Custom New Tab,,hxxps://adguard[.]com/en/blog/fake-ad-blockers-part-3[.]html
okclicinnbnfkgchommiamjnkjcibfid,,,hxxps://palant[.]info/2023/05/31/more-malicious-extensions-in-chrome-web-store/
okggiiagcegdfiajlkodohfkeemnjlnd,Website Safety for Chrome,hxxps://securysearch[.]com,hxxps://docs[.]google[.]com/spreadsheets/d/1LN7MQ_9W5QHIyZjjqXK7JnSiCLlcF4aBRhmZKon-p4U/edit?gid=0#gid=14
okgnpdnekilbcgcfeheanbpbhnhmopfc, Yeezy Wallpaper HD Custom New Tab,,hxxps://adguard[.]com/en/blog/fake-ad-blockers-part-3[.]html
okjdbeegldeilceaflghgfdemobmfhbd,Browser Checkup for Chrome by Doctor,hxxps://getwebdoctor[.]com,hxxps://docs[.]google[.]com/spreadsheets/d/1LN7MQ_9W5QHIyZjjqXK7JnSiCLlcF4aBRhmZKon-p4U/edit?gid=0#gid=4
okjdiicjoeloipmgdopdmhpebnnfadih, Sao Alicization Wallpaper HD Custom New Tab,,hxxps://adguard[.]com/en/blog/fake-ad-blockers-part-3[.]html
okkffdhbfplmbjblhgapnchjinanmnij,,,hxxps://palant[.]info/2023/06/08/another-cluster-of-potentially-malicious-chrome-extensions/
oknpgmaeedlbdichgaghebhiknmghffa,Uploade photo to Instagram,,hxxps://press[.]avast[.]com/third-party-browser-extensions-from-instagram-facebook-vimeo-and-others-infected-with-malware
okphhehkikoonipdjmhglcmlgccjcblp, Los Angeles Lakers Wallpaper HD New Tab,,hxxps://adguard[.]com/en/blog/fake-ad-blockers-part-3[.]html
oliiideaalkijolilhhaibhbjfhbdcnm,Link shortener,hxxps://u99[.]pro,hxxps://layerxsecurity[.]com/blog/layerx-reveals-40malicious-browser-extensions/
olkpikmlhoaojbbmmpejnimiglejmboe,Downloader for Instagram,,hxxps://press[.]avast[.]com/third-party-browser-extensions-from-instagram-facebook-vimeo-and-others-infected-with-malware
olochidfgadpdbdmdfbhgimiffnllaij, Dragon Ball Super Wallpaper HD Custom New Tab,,hxxps://adguard[.]com/en/blog/fake-ad-blockers-part-3[.]html
ombenndgcnmcnfohnbbjcmbmfmpefojc, Panda Wallpaper HD Custom New Tab,,hxxps://adguard[.]com/en/blog/fake-ad-blockers-part-3[.]html
omclahaofiigfggelbcleagcphjhabmp, Fallout 76 Wallpaper HD Custom New Tab,,hxxps://adguard[.]com/en/blog/fake-ad-blockers-part-3[.]html
omieocempinhilcpbmnfdaamgomapded,Better Browse by SecurySearch,hxxps://securysearch[.]com,hxxps://docs[.]google[.]com/spreadsheets/d/1LN7MQ_9W5QHIyZjjqXK7JnSiCLlcF4aBRhmZKon-p4U/edit?gid=0#gid=12
onjjlcdmafgcjdbhmlnpmheobbfeilah, Lego Wallpaper HD Custom New Tab,,hxxps://adguard[.]com/en/blog/fake-ad-blockers-part-3[.]html
onnmfhejbikffoenamcfglpjnmmbkdeg, Daredevil Wallpaper HD Custom New Tab,,hxxps://adguard[.]com/en/blog/fake-ad-blockers-part-3[.]html
oobppndjaabcidladjeehddkgkccfcpn,Y2mate,,hxxps://habr[.]com/en/company/yandex/blog/534586/
oodkhhminilgphkdofffddlgopkgbgpm,,,hxxps://palant[.]info/2023/06/08/another-cluster-of-potentially-malicious-chrome-extensions/
oonheecobachpkogdjjnemiipogpgnmg, The Vampire Diaries Wallpaper HD New Tab,,hxxps://adguard[.]com/en/blog/fake-ad-blockers-part-3[.]html
opbobdfddmiemhekjiglckcenhpfdbjm, Hulk Wallpaper HD Custom New Tab,,hxxps://adguard[.]com/en/blog/fake-ad-blockers-part-3[.]html
opfogdennafhaoihhkocppaajlkpbfbn,Ihabno,,hxxps://blog[.]radware[.]com/security/2018/05/nigelthorn-malware-abuses-chrome-extensions/
opjpfngjbdmgkilopbnapbkbngedcpmj, Bap Kpop Wallpaper HD Custom New Tab,,hxxps://adguard[.]com/en/blog/fake-ad-blockers-part-3[.]html
oplhjpchbbngmpgcpjcbijhfehbhodgi, Rwby Wallpaper HD Custom New Tab,,hxxps://adguard[.]com/en/blog/fake-ad-blockers-part-3[.]html
oppbpkjmehgijcpeddkpbadoidfpcblg, Live Christmas Snowfall Wallpaper HD New Tab,,hxxps://adguard[.]com/en/blog/fake-ad-blockers-part-3[.]html
oppeaknhldjjnfnflbcedipjbnbimhhf,Games Search for Chromeª,hxxps://games-search[.]com,hxxps://docs[.]google[.]com/spreadsheets/d/1LN7MQ_9W5QHIyZjjqXK7JnSiCLlcF4aBRhmZKon-p4U/edit?gid=0#gid=44
paddichbcfehpelokpidnagccddbpkin, Tesla Wallpaper HD Custom New Tab,,hxxps://adguard[.]com/en/blog/fake-ad-blockers-part-3[.]html
pajbempmgmalnfpbnpclkelnhfccikal, Bts Bangtan Boys Wallpaper HD Custom New Tab,,hxxps://adguard[.]com/en/blog/fake-ad-blockers-part-3[.]html
pbdpfhmbdldfoioggnphkiocpidecmbp,,,hxxps://palant[.]info/2023/05/31/more-malicious-extensions-in-chrome-web-store/
pbebadpeajadcmaoofljnnfgofehnpeo,,,hxxps://palant[.]info/2023/05/31/more-malicious-extensions-in-chrome-web-store/
pboddlnfegdnifbhepjegnokocjpadpd, Kawaii Wallpaper HD Custom New Tab,,hxxps://adguard[.]com/en/blog/fake-ad-blockers-part-3[.]html
pbpobpjppnecgcinajfpaninmjkdbidm,Web Analytics Ð Website Traffic & SEO Checker,hxxps://web-analytics[.]top,hxxps://layerxsecurity[.]com/blog/layerx-reveals-40malicious-browser-extensions/
pcaaejaejpolbbchlmbdjfiggojefllp,Spotify Music Downloader,,hxxps://press[.]avast[.]com/third-party-browser-extensions-from-instagram-facebook-vimeo-and-others-infected-with-malware
pcbpmbmpjjibcmodpaomahiokikjomgc, Boston Terrier Wallpaper HD Custom New Tab,,hxxps://adguard[.]com/en/blog/fake-ad-blockers-part-3[.]html
pccfaccnfkjmdlkollpiaialndbieibj,SoundCloud Music Downloader,,hxxps://press[.]avast[.]com/third-party-browser-extensions-from-instagram-facebook-vimeo-and-others-infected-with-malware
pcembleiffdccjkcebaodmhgkopipdan, Ultra Instinct Goku Wallpaper HD New Tab,,hxxps://adguard[.]com/en/blog/fake-ad-blockers-part-3[.]html
pcfapghfanllmbdfiipeiihpkojekckk,Address Checker for Chromeª,hxxps://mysecurify[.]com,hxxps://docs[.]google[.]com/spreadsheets/d/1LN7MQ_9W5QHIyZjjqXK7JnSiCLlcF4aBRhmZKon-p4U/edit?gid=0#gid=45
pcgcmplcfdfkkkmaggghdghnlddkpbbo, DBS and Dragon Ball Super,,hxxps://adguard[.]com/en/blog/fake-ad-blockers-part-3[.]html
pcjmcnhpobkjnhajhhleejfmpeoahclc,,,hxxps://palant[.]info/2023/05/31/more-malicious-extensions-in-chrome-web-store/
pdbfcnhlobhoahcamoefbfodpmklgmjm,Unlock YouTube VPN,,hxxps://www[.]malwarebytes[.]com/blog/news/2025/07/millions-of-people-spied-on-by-malicious-browser-extensions-in-chrome-and-edge
pdhibfagbndnidgfjkhdhlfibdoofbji, Bmw Wallpaper HD Custom New Tab,,hxxps://adguard[.]com/en/blog/fake-ad-blockers-part-3[.]html
pdloaiifhmlbhhppajjmfpijopfeenoo, Bentley Wallpaper HD Custom New Tab,,hxxps://adguard[.]com/en/blog/fake-ad-blockers-part-3[.]html
pegfdldddiilihjahcpdehhhfcbibipg,,,hxxps://palant[.]info/2023/06/08/another-cluster-of-potentially-malicious-chrome-extensions/
pehnljkefahmlhifockljagcfcpljclc, Gothic Wallpaper HD Custom New Tab,,hxxps://adguard[.]com/en/blog/fake-ad-blockers-part-3[.]html
pejkmgfabkeddfcfldloonjbikjddapb,iCalc,,hxxps://blog[.]malwarebytes[.]com/threat-analysis/2016/01/rogue-google-chrome-extension-spies-on-you/
pelnnoacfeaanpmnmacjjnnpgfggekig, V & Jimin Wallpaper HD Custom New Tab,,hxxps://adguard[.]com/en/blog/fake-ad-blockers-part-3[.]html
pfekelemlpmelhipncgddloaflehglmb, Tiger Wallpaper HD Custom New Tab,,hxxps://adguard[.]com/en/blog/fake-ad-blockers-part-3[.]html
pfepcffcdodcancalckiencamnonoebl, Momo Twice Wallpaper HD Custom New Tab,,hxxps://adguard[.]com/en/blog/fake-ad-blockers-part-3[.]html
pfnmibjifkhhblmdmaocfohebdpfppkf,Video Downloader for FaceBook,,hxxps://press[.]avast[.]com/third-party-browser-extensions-from-instagram-facebook-vimeo-and-others-infected-with-malware
pfpgpbfndacjjjdlgefggndhionakfmb, Lilo And Stitch Wallpaper HD Custom New Tab,,hxxps://adguard[.]com/en/blog/fake-ad-blockers-part-3[.]html
pgeolalilifpodheeocdmbhehgnkkbak,SpeakIt!,,hxxps://securitywithsam[.]com/2019/07/dataspii-leak-via-browser-extensions/
pghkmhmjldklacabcgkaaboikfaaogmi, Kpop Big Bang Wallpaper HD Custom New Tab,,hxxps://adguard[.]com/en/blog/fake-ad-blockers-part-3[.]html
pgilbgknfcnjjblfnjojmcpkggipblci, Clash Of Clans Wallpaper HD Custom New Tab,,hxxps://adguard[.]com/en/blog/fake-ad-blockers-part-3[.]html
pgjndpcilbcanlnhhjmhjalilcmoicjc,Coupons at Checkout,,hxxps://habr[.]com/en/company/yandex/blog/534586/
pgleokbigapafgjodffamlhdkhiagdgb, Bmw Wallpaper HD Custom New Tab,,hxxps://adguard[.]com/en/blog/fake-ad-blockers-part-3[.]html
phfkifnjcmdcmljnnablahicoabkokbg,,,hxxps://palant[.]info/2023/06/08/another-cluster-of-potentially-malicious-chrome-extensions/
phjbepamfhjgjdgmbhmfflhnlohldchb,,,hxxps://palant[.]info/2023/06/08/another-cluster-of-potentially-malicious-chrome-extensions/
phjhbkdgnjaokligmkimgnlagccanodn,,,hxxps://palant[.]info/2023/06/14/why-browser-extension-games-need-access-to-all-websites/
phkafpikdokjpogdhjpkcgfjpfgnlgeo, Hulk Wallpaper HD Custom New Tab,,hxxps://adguard[.]com/en/blog/fake-ad-blockers-part-3[.]html
phmogllmicehmpglfobbihoelfidjnpd, Carolina Panthers Wallpaper HD Custom New Tab,,hxxps://adguard[.]com/en/blog/fake-ad-blockers-part-3[.]html
phoehhafolaebdpimmbmlofmeibdkckp,Video Downloader for YouTube,,hxxps://press[.]avast[.]com/third-party-browser-extensions-from-instagram-facebook-vimeo-and-others-infected-with-malware
pihogmfmhefemijkgmbimkngninbkkce, J-Hope Wallpaper HD Custom New Tab,,hxxps://adguard[.]com/en/blog/fake-ad-blockers-part-3[.]html
pilmbpeapchjcnldfomimmcfoigoenoc, Emoji Unicorn Wallpaper HD Custom New Tab,,hxxps://adguard[.]com/en/blog/fake-ad-blockers-part-3[.]html
pinfndnjmdocmimbeonilpahdaldopjc, Assassination Classroom Wallpaper HD New Tab,,hxxps://adguard[.]com/en/blog/fake-ad-blockers-part-3[.]html
pinkcaefpkjpljfflabpkcgbkpbomdfk, Forest Wallpaper HD Custom New Tab,,hxxps://adguard[.]com/en/blog/fake-ad-blockers-part-3[.]html
pinnfpbpjancnbidnnhpemakncopaega,,,hxxps://palant[.]info/2023/05/31/more-malicious-extensions-in-chrome-web-store/
pjabdohmcokffcednbgpeoifpdbfgfbj, Cool Fortnite Wallpaper HD Custom New Tab,,hxxps://adguard[.]com/en/blog/fake-ad-blockers-part-3[.]html
pjbgfifennfhnbkhoidkdchbflppjncb,,,hxxps://palant[.]info/2023/06/08/another-cluster-of-potentially-malicious-chrome-extensions/
pjjmcpmjocebmjmhdclbiheoideefiad, Harry Potter Wallpaper HD Custom New Tab,,hxxps://adguard[.]com/en/blog/fake-ad-blockers-part-3[.]html
plcdglhlbmlnfoghfhmbhehapfadedod, Code Geass Wallpaper HD Custom New Tab,,hxxps://adguard[.]com/en/blog/fake-ad-blockers-part-3[.]html
plmlopfeeobajiecodiggabcihohcnge,,,hxxps://palant[.]info/2023/06/08/another-cluster-of-potentially-malicious-chrome-extensions/
pmannhofeaiadkcdbcebhnkcnkjjnfpn,Search Safely by SecurySearch,hxxps://securysearch[.]com,hxxps://docs[.]google[.]com/spreadsheets/d/1LN7MQ_9W5QHIyZjjqXK7JnSiCLlcF4aBRhmZKon-p4U/edit?gid=0#gid=47
pmdakkjbaeioodmomlmnklahihodjcjk, Kpop Red Velvet Wallpaper HD Custom New Tab,,hxxps://adguard[.]com/en/blog/fake-ad-blockers-part-3[.]html
pmgmbeeafpdjjhmeaalneginpmdhamhe,Unbiased Search by Protecto,hxxps://goprotecto[.]com,hxxps://docs[.]google[.]com/spreadsheets/d/1LN7MQ_9W5QHIyZjjqXK7JnSiCLlcF4aBRhmZKon-p4U/edit?gid=0#gid=6
pmilcmjbofinpnbnpanpdadijibcgifc,,,hxxps://palant[.]info/2023/06/08/another-cluster-of-potentially-malicious-chrome-extensions/
pmlcjncilaaaemknfefmegedhcgelmee,,,hxxps://palant[.]info/2023/06/14/why-browser-extension-games-need-access-to-all-websites/
pmnphobdokkajkpbkajlaiooipfcpgio,,,hxxps://palant[.]info/2023/06/08/another-cluster-of-potentially-malicious-chrome-extensions/
pmnpldnflfopbhndkjndecojdpgecckf, Mac Wallpaper HD Custom New Tab,,hxxps://adguard[.]com/en/blog/fake-ad-blockers-part-3[.]html
pnamonkagicmlnalnlcdaoeenhlgdklf, Fortnite Skull Trooper Wallpaper HD New Tab,,hxxps://adguard[.]com/en/blog/fake-ad-blockers-part-3[.]html
pnanegnllonoiklmmlegcaajoicfifcm,,,hxxps://palant[.]info/2023/06/08/another-cluster-of-potentially-malicious-chrome-extensions/
pndmbpnfolikhfnfnkmjkkpcgkmaibec,AI Ad Generator,hxxps://aiadgenerator[.]app,hxxps://layerxsecurity[.]com/blog/layerx-reveals-40malicious-browser-extensions/
pnlphjjfielecalmmjjdhjjninkbjdod,,,hxxps://palant[.]info/2023/06/08/another-cluster-of-potentially-malicious-chrome-extensions/
pobknfocgoijjmokmhimkfhemcnigdji,EventSphere,hxxps://eventphere[.]com,hxxps://layerxsecurity[.]com/blog/layerx-reveals-40malicious-browser-extensions/
poeokidblnamjkagggonidcigafaobki, Kakashi Hatake Wallpaper HD Custom New Tab,,hxxps://adguard[.]com/en/blog/fake-ad-blockers-part-3[.]html
pofffhlknjbjolmfoeagdmbbdbjjmeki, Bts Wallpaper HD Custom New Tab,,hxxps://adguard[.]com/en/blog/fake-ad-blockers-part-3[.]html
polgnkadhhhmlahkhhbicledbpklnake, James Harden Wallpaper HD Custom New Tab,,hxxps://adguard[.]com/en/blog/fake-ad-blockers-part-3[.]html
pooaemmkohlphkekccfajnbcokjlbehk,,,hxxps://palant[.]info/2023/06/08/another-cluster-of-potentially-malicious-chrome-extensions/
ppicajcmopaimnnikbafgknffbdmomfk, Muscle Cars Wallpaper HD Custom New Tab,,hxxps://adguard[.]com/en/blog/fake-ad-blockers-part-3[.]html
ppmbiomgjfenipmnjiiaemcaboaeljil, Forntine Battle Ground Wallpaper HD New Tab,,hxxps://adguard[.]com/en/blog/fake-ad-blockers-part-3[.]html
ppmibgfeefcglejjlpeihfdimbkfbbnm,Change hxxp Request Header,,hxxps://blog[.]gigamon[.]com/2018/01/18/malicious-chrome-extensions-enable-criminals-to-impact-half-a-million-users-and-global-businesses/
